id	section	type	verdict	ratio	pages	text	window
F001	Intro	concept	EXACT	1.0	1	"At the time of Mendel, the nature of those 'factors' regulating the pattern of inheritance was not clear."	
F002	Intro	concept	EXACT	1.0	1	"Over the next hundred years, the nature of the putative genetic material was investigated culminating in the realisation that DNA - deoxyribonucleic acid - is the genetic material, at least for the majority of organisms."	
F003	Intro	concept	EXACT	1.0	1	"In class XI you have learnt that nucleic acids are polymers of nucleotides."	
F004	Intro	concept	EXACT	1.0	1	"Deoxyribonucleic acid (DNA) and ribonucleic acid (RNA) are the two types of nucleic acids found in living systems."	
F005	Intro	concept	EXACT	1.0	1	"DNA acts as the genetic material in most of the organisms."	
F006	Intro	concept	EXACT	1.0	1	"RNA though it also acts as a genetic material in some viruses, mostly functions as a messenger."	
F007	Intro	concept	EXACT	1.0	1	"RNA has additional roles as well. It functions as adapter, structural, and in some cases as a catalytic molecule."	
F008	Intro	concept	EXACT	1.0	1	"In Class XI you have already learnt the structures of nucleotides and the way these monomer units are linked to form nucleic acid polymers."	
F009	Intro	concept	EXACT	1.0	1	"In this chapter we are going to discuss the structure of DNA, its replication, the process of making RNA from DNA (transcription), the genetic code that determines the sequences of amino acids in proteins, the process of protein synthesis (translation) and elementary basis of their regulation."	
F010	Intro	concept	MISS	0.824		"The determination of complete nucleotide sequence of human genome during last decade has set in a new era of genomics."	 ===== page 2 ===== biology of complete nucleotide sequence of human genome during last decade has set in a new era of genomics. in the l
F011	Intro	concept	EXACT	1.0	2	"In the last section, the essentials of human genome sequencing and its consequences will also be discussed."	
F012	Intro	concept	EXACT	1.0	2	"Let us begin our discussion by first understanding the structure of the most interesting molecule in the living system, that is, the DNA."	
F013	Intro	concept	EXACT	1.0	2	"In subsequent sections, we will understand that why it is the most abundant genetic material, and what its relationship is with RNA."	
F014	5.1	concept	EXACT	1.0	2	"The length of DNA is usually defined as number of nucleotides (or a pair of nucleotide referred to as base pairs) present in it."	
F015	5.1	concept	EXACT	1.0	2	"This also is the characteristic of an organism."	
F016	5.1	number	MISS	0.84		"a bacteriophage known as phi x 174 has 5386 nucleotides"	example, a bacteriophage known as φx174 has 5386 nucleotides, ba
F017	5.1	number	EXACT	1.0	2	"Bacteriophage lambda has 48502 base pairs (bp)"	
F018	5.1	number	EXACT	1.0	2	"Escherichia coli has 4.6 x 10^6 bp"	
F019	5.1	number	EXACT	1.0	2	"haploid content of human DNA is 3.3 x 10^9 bp"	
F020	5.1.1	definition	EXACT	1.0	2	"A nucleotide has three components - a nitrogenous base, a pentose sugar (ribose in case of RNA, and deoxyribose for DNA), and a phosphate group."	
F021	5.1.1	definition	EXACT	1.0	2	"There are two types of nitrogenous bases - Purines (Adenine and Guanine), and Pyrimidines (Cytosine, Uracil and Thymine)."	
F022	5.1.1	concept	EXACT	1.0	2	"Cytosine is common for both DNA and RNA and Thymine is present in DNA."	
F023	5.1.1	concept	EXACT	1.0	2	"Uracil is present in RNA at the place of Thymine."	
F024	5.1.1	definition	EXACT	1.0	2	"A nitrogenous base is linked to the OH of 1' C pentose sugar through a N-glycosidic linkage to form a nucleoside"	
F025	5.1.1	example	EXACT	1.0	2	"such as adenosine or deoxyadenosine, guanosine or deoxyguanosine, cytidine or deoxycytidine and uridine or deoxythymidine"	
F026	5.1.1	definition	EXACT	1.0	2	"When a phosphate group is linked to OH of 5' C of a nucleoside through phosphoester linkage, a corresponding nucleotide (or deoxynucleotide depending upon the type of sugar present) is formed."	
F027	5.1.1	definition	EXACT	1.0	2	"Two nucleotides are linked through 3'-5' phosphodiester linkage to form a dinucleotide."	
F028	5.1.1	concept	EXACT	1.0	2	"More nucleotides can be joined in such a manner to form a polynucleotide chain."	
F029	5.1.1	concept	MISS	0.721		"A polymer thus formed has at one end a free phosphate moiety at 5'-end of sugar, which is referred to as 5'-end of polynucleotide chain."	=== molecular basis of inheritance phosphate moiety at 5'-end of sugar, which is referred to as 5'-end of polynucleotide chain. similarly, at the other end of
F030	5.1.1	concept	MISS	0.924		"Similarly, at the other end of the polymer the sugar has a free OH of 3'C group which is referred to as 3'-end of the polynucleotide chain."	polynucleotide chain. similarly, at the other end of the polymer the sugar has a free oh of 3'c group which is referred to as 3' -end of the polynucleotide chain.
F031	5.1.1	concept	EXACT	1.0	3	"The backbone of a polynucleotide chain is formed due to sugar and phosphates."	
F032	5.1.1	concept	EXACT	1.0	3	"The nitrogenous bases linked to sugar moiety project from the backbone (Figure 5.1)."	
F033	5.1.1	concept	EXACT	1.0	3	"In RNA, every nucleotide residue has an additional -OH group present at 2'-position in the ribose."	
F034	5.1.1	concept	EXACT	1.0	3	"Also, in RNA the uracil is found at the place of thymine (5-methyl uracil, another chemical name for thymine)."	
F035	5.1.1	name	EXACT	1.0	3	"DNA as an acidic substance present in nucleus was first identified by Friedrich Meischer in 1869. He named it as 'Nuclein'."	
F036	5.1.1	concept	EXACT	1.0	3	"However, due to technical limitation in isolating such a long polymer intact, the elucidation of structure of DNA remained elusive for a very long period of time."	
F037	5.1.1	name	EXACT	1.0	3	"It was only in 1953 that James Watson and Francis Crick, based on the X-ray diffraction data produced by Maurice Wilkins and Rosalind Franklin, proposed a very simple but famous Double Helix model for the structure of DNA."	
F038	5.1.1	concept	EXACT	1.0	3	"One of the hallmarks of their proposition was base pairing between the two strands of polynucleotide chains."	
F039	5.1.1	name	EXACT	1.0	3	"However, this proposition was also based on the observation of Erwin Chargaff that for a double stranded DNA, the ratios between Adenine and Thymine and Guanine and Cytosine are constant and equals one."	
F040	5.1.1	concept	EXACT	1.0	3	"The base pairing confers a very unique property to the polynucleotide chains. They are said to be complementary to each other, and therefore if the sequence of bases in one strand is known then the sequence in other strand can be predicted."	
F041	5.1.1	concept	EXACT	1.0	3	"Also, if each strand from a DNA (let us call it as a parental DNA) acts as a template for synthesis of a new strand, the two double stranded DNA (let us call them as daughter DNA) thus, produced would be identical to the parental DNA molecule."	
F042	5.1.1	concept	EXACT	1.0	3	"Because of this, the genetic implications of the structure of DNA became very clear."	
F043	5.1.1	list	EXACT	1.0	3	"(i) It is made of two polynucleotide chains, where the backbone is constituted by sugar-phosphate, and the bases project inside."	
F044	5.1.1	list	MISS	0.864		"(ii) The two chains have anti-parallel polarity. It means, if one chain has the polarity 5'-to-3', the other has 3'-to-5'."	nside. (ii) the two chains have anti-parallel polarity. it means, if one chain has the polarity 5'à3', the other has 3'à5'. (iii) the bases in
F045	5.1.1	list	EXACT	1.0	3	"(iii) The bases in two strands are paired through hydrogen bond (H-bonds) forming base pairs (bp). Adenine forms two hydrogen bonds with Thymine from opposite strand and vice-versa. Similarly, Guanine is bonded with Cytosine with three H-bonds."	
F046	5.1.1	concept	EXACT	1.0	3	"As a result, always a purine comes opposite to a pyrimidine. This generates approximately uniform distance between the two strands of the helix (Figure 5.2)."	
F047	5.1.1	list	EXACT	1.0	3	"(iv) The two chains are coiled in a right-handed fashion."	
F048	5.1.1	number	MISS	0.902		"The pitch of the helix is 3.4 nm (a nanometre is one billionth of a metre, that is 10^-9 m) and there are roughly 10 bp in each turn."	ight-handed fashion. the pitch of the helix is 3.4 nm (a nanometre is one billionth of a metre, that is 10-9 m) and there are roughly 10 bp in each reprin
F049	5.1.1	number	EXACT	1.0	4	"Consequently, the distance between a bp in a helix is approximately 0.34 nm."	
F050	5.1.1	list	EXACT	1.0	4	"(v) The plane of one base pair stacks over the other in double helix. This, in addition to H-bonds, confers stability of the helical structure (Figure 5.3)."	
F051	5.1.1	question	EXACT	1.0	4	"Compare the structure of purines and pyrimidines. Can you find out why the distance between two polynucleotide chains in DNA remains almost constant?"	
F052	5.1.1	concept	EXACT	1.0	4	"The proposition of a double helix structure for DNA and its simplicity in explaining the genetic implication became revolutionary."	
F053	5.1.1	definition	MISS	0.876		"Very soon, Francis Crick proposed the Central dogma in molecular biology, which states that the genetic information flows from DNA-to-RNA-to-Protein."	cation became revolutionary. very soon, francis crick proposed the central dogma in molecular biology, which states that the genetic information flows from dnaàrnaàprotein. 
F054	5.1.1	concept	EXACT	1.0	5	"In some viruses the flow of information is in reverse direction, that is, from RNA to DNA."	
F055	5.1.1	question	EXACT	1.0	5	"Can you suggest a simple name to the process?"	
F056	5.1.2	number	EXACT	1.0	5	"Taken the distance between two consecutive base pairs as 0.34 nm (0.34x10^-9 m)"	
F057	5.1.2	number	MISS	0.915		"6.6 x 10^9 bp x 0.34 x 10^-9 m/bp, it comes out to be approximately 2.2 metres"	 is, 6.6 x 109 bp x 0.34 x 10-9m/bp), it comes out to be approximately 2.2 metres. a len
F058	5.1.2	number	EXACT	1.0	5	"A length that is far greater than the dimension of a typical nucleus (approximately 10^-6 m)."	
F059	5.1.2	question	EXACT	1.0	5	"How is such a long polymer packaged in a cell?"	
F060	5.1.2	question	EXACT	1.0	5	"If the length of E. coli DNA is 1.36 mm, can you calculate the number of base pairs in E.coli?"	
F061	5.1.2	concept	EXACT	1.0	5	"In prokaryotes, such as, E. coli, though they do not have a defined nucleus, the DNA is not scattered throughout the cell."	
F062	5.1.2	definition	EXACT	1.0	5	"DNA (being negatively charged) is held with some proteins (that have positive charges) in a region termed as 'nucleoid'."	
F063	5.1.2	concept	EXACT	1.0	5	"The DNA in nucleoid is organised in large loops held by proteins."	
F064	5.1.2	concept	EXACT	1.0	5	"In eukaryotes, this organisation is much more complex. There is a set of positively charged, basic proteins called histones."	
F065	5.1.2	concept	EXACT	1.0	5	"A protein acquires charge depending upon the abundance of amino acids residues with charged side chains."	
F066	5.1.2	concept	EXACT	1.0	5	"Histones are rich in the basic amino acid residues lysine and arginine. Both the amino acid residues carry positive charges in their side chains."	
F067	5.1.2	definition	EXACT	1.0	5	"Histones are organised to form a unit of eight molecules called histone octamer."	
F068	5.1.2	definition	EXACT	1.0	5	"The negatively charged DNA is wrapped around the positively charged histone octamer to form a structure called nucleosome (Figure 5.4 a)."	
F069	5.1.2	number	EXACT	1.0	5	"A typical nucleosome contains 200 bp of DNA helix."	
F070	5.1.2	definition	MISS	0.917		"Nucleosomes constitute the repeating unit of a structure in nucleus called chromatin, thread-like stained (coloured) bodies seen in nucleus."	 dna helix. nucleosomes constitute the repeating unit of a structure in nucleus called chromatin, threadlike stained (coloured) bodies seen in nucleus. the nucleos
F071	5.1.2	concept	EXACT	1.0	5	"The nucleosomes in chromatin are seen as 'beads-on-string' structure when viewed under electron microscope (EM) (Figure 5.4 b)."	
F072	5.1.2	question	EXACT	1.0	5	"Theoretically, how many such beads (nucleosomes) do you imagine are present in a mammalian cell?"	
F073	5.1.2	concept	EXACT	1.0	5	"The beads-on-string structure in chromatin is packaged to form chromatin fibers that are further coiled and condensed at metaphase stage of cell division to form chromosomes."	
F074	5.1.2	definition	MISS	0.818		"The packaging of chromatin at higher level requires additional set of proteins that collectively are referred to as Non-histone Chromosomal (NHC) proteins."	he packaging of chromatin at higher level requires additional set of proteins that collectively are referred to as reprint 2026-27 ===== page 6 ===== biology non-histone chromosoma
F075	5.1.2	definition	EXACT	1.0	6	"In a typical nucleus, some region of chromatin are loosely packed (and stains light) and are referred to as euchromatin."	
F076	5.1.2	definition	EXACT	1.0	6	"The chromatin that is more densely packed and stains dark are called as Heterochromatin."	
F077	5.1.2	concept	EXACT	1.0	6	"Euchromatin is said to be transcriptionally active chromatin, whereas heterochromatin is inactive."	
F078	5.2	number	EXACT	1.0	6	"By 1926, the quest to determine the mechanism for genetic inheritance had reached the molecular level."	
F079	5.2	name	EXACT	1.0	6	"Previous discoveries by Gregor Mendel, Walter Sutton, Thomas Hunt Morgan and numerous other scientists had narrowed the search to the chromosomes located in the nucleus of most cells."	
F080	5.2	concept	EXACT	1.0	6	"But the question of what molecule was actually the genetic material, had not been answered."	
F081	5.2 (Transforming Principle)	name	EXACT	1.0	6	"In 1928, Frederick Griffith, in a series of experiments with Streptococcus pneumoniae (bacterium responsible for pneumonia), witnessed a miraculous transformation in the bacteria."	
F082	5.2 (Transforming Principle)	concept	EXACT	1.0	6	"During the course of his experiment, a living organism (bacteria) had changed in physical form."	
F083	5.2 (Transforming Principle)	concept	EXACT	1.0	6	"When Streptococcus pneumoniae (pneumococcus) bacteria are grown on a culture plate, some produce smooth shiny colonies (S) while others produce rough colonies (R)."	
F084	5.2 (Transforming Principle)	concept	EXACT	1.0	6	"This is because the S strain bacteria have a mucous (polysaccharide) coat, while R strain does not."	
F085	5.2 (Transforming Principle)	concept	EXACT	1.0	6	"Mice infected with the S strain (virulent) die from pneumonia infection but mice infected with the R strain do not develop pneumonia."	
F086	5.2 (Transforming Principle)	concept	EXACT	1.0	6	"Griffith was able to kill bacteria by heating them."	
F087	5.2 (Transforming Principle)	concept	EXACT	1.0	6	"He observed that heat-killed S strain bacteria injected into mice did not kill them."	
F088	5.2 (Transforming Principle)	concept	MISS	0.889		"When he injected a mixture of heat-killed S and live R bacteria, the mice died."	 of inheritance injected a mixture of heat-killed s and live r bacteria, the mice died. more
F089	5.2 (Transforming Principle)	concept	EXACT	1.0	7	"Moreover, he recovered living S bacteria from the dead mice."	
F090	5.2 (Transforming Principle)	concept	EXACT	1.0	7	"He concluded that the R strain bacteria had somehow been transformed by the heat-killed S strain bacteria."	
F091	5.2 (Transforming Principle)	definition	EXACT	1.0	7	"Some 'transforming principle', transferred from the heat-killed S strain, had enabled the R strain to synthesise a smooth polysaccharide coat and become virulent."	
F092	5.2 (Transforming Principle)	concept	EXACT	1.0	7	"This must be due to the transfer of the genetic material."	
F093	5.2 (Transforming Principle)	concept	EXACT	1.0	7	"However, the biochemical nature of genetic material was not defined from his experiments."	
F094	5.2 (Biochemical Characterisation)	name	EXACT	1.0	7	"Prior to the work of Oswald Avery, Colin MacLeod and Maclyn McCarty (1933-44), the genetic material was thought to be a protein."	
F095	5.2 (Biochemical Characterisation)	concept	EXACT	1.0	7	"They worked to determine the biochemical nature of 'transforming principle' in Griffith's experiment."	
F096	5.2 (Biochemical Characterisation)	concept	EXACT	1.0	7	"They purified biochemicals (proteins, DNA, RNA, etc.) from the heat-killed S cells to see which ones could transform live R cells into S cells."	
F097	5.2 (Biochemical Characterisation)	concept	EXACT	1.0	7	"They discovered that DNA alone from S bacteria caused R bacteria to become transformed."	
F098	5.2 (Biochemical Characterisation)	concept	EXACT	1.0	7	"They also discovered that protein-digesting enzymes (proteases) and RNA-digesting enzymes (RNases) did not affect transformation, so the transforming substance was not a protein or RNA."	
F099	5.2 (Biochemical Characterisation)	concept	EXACT	1.0	7	"Digestion with DNase did inhibit transformation, suggesting that the DNA caused the transformation."	
F100	5.2 (Biochemical Characterisation)	concept	EXACT	1.0	7	"They concluded that DNA is the hereditary material, but not all biologists were convinced."	
F101	5.2 (Biochemical Characterisation)	question	EXACT	1.0	7	"Can you think of any difference between DNAs and DNase?"	
F102	5.2.1	name	EXACT	1.0	7	"the experiments of Alfred Hershey and Martha Chase (1952)"	
F103	5.2.1	definition	EXACT	1.0	7	"They worked with viruses that infect bacteria called bacteriophages."	
F104	5.2.1	concept	EXACT	1.0	7	"The bacteriophage attaches to the bacteria and its genetic material then enters the bacterial cell."	
F105	5.2.1	concept	EXACT	1.0	7	"The bacterial cell treats the viral genetic material as if it was its own and subsequently manufactures more virus particles."	
F106	5.2.1	concept	EXACT	1.0	7	"Hershey and Chase worked to discover whether it was protein or DNA from the viruses that entered the bacteria."	
F107	5.2.1	concept	EXACT	1.0	7	"They grew some viruses on a medium that contained radioactive phosphorus and some others on medium that contained radioactive sulfur."	
F108	5.2.1	concept	EXACT	1.0	7	"Viruses grown in the presence of radioactive phosphorus contained radioactive DNA but not radioactive protein because DNA contains phosphorus but protein does not."	
F109	5.2.1	concept	EXACT	1.0	7	"Similarly, viruses grown on radioactive sulfur contained radioactive protein but not radioactive DNA because DNA does not contain sulfur."	
F110	5.2.1	concept	EXACT	1.0	8	"Radioactive phages were allowed to attach to E. coli bacteria."	
F111	5.2.1	concept	EXACT	1.0	8	"Then, as the infection proceeded, the viral coats were removed from the bacteria by agitating them in a blender."	
F112	5.2.1	concept	EXACT	1.0	8	"The virus particles were separated from the bacteria by spinning them in a centrifuge."	
F113	5.2.1	concept	EXACT	1.0	8	"Bacteria which was infected with viruses that had radioactive DNA were radioactive, indicating that DNA was the material that passed from the virus to the bacteria."	
F114	5.2.1	concept	EXACT	1.0	8	"Bacteria that were infected with viruses that had radioactive proteins were not radioactive. This indicates that proteins did not enter the bacteria from the viruses."	
F115	5.2.1	concept	EXACT	1.0	8	"DNA is therefore the genetic material that is passed from virus to bacteria (Figure 5.5)."	
F116	5.2.2	concept	EXACT	1.0	8	"the debate between proteins versus DNA as the genetic material was unequivocally resolved from Hershey-Chase experiment. It became an established fact that it is DNA that acts as genetic material."	
F117	5.2.2	example	MISS	0.763		"However, it subsequently became clear that in some viruses, RNA is the genetic material (for example, Tobacco Mosaic viruses, QB bacteriophage, etc.)."	t reprint 2026-27 ===== page 9 ===== molecular basis of inheritance in some viruses, rna is the genetic material (for example, tobacco mosaic viruses, qb bacteriophage, etc.).
F118	5.2.2	concept	EXACT	1.0	9	"Answer to some of the questions such as, why DNA is the predominant genetic material, whereas RNA performs dynamic functions of messenger and adapter has to be found from the differences between chemical structures of the two nucleic acid molecules."	
F119	5.2.2	question	EXACT	1.0	9	"Can you recall the two chemical differences between DNA and RNA?"	
F120	5.2.2	list	EXACT	1.0	9	"A molecule that can act as a genetic material must fulfill the following criteria: (i) It should be able to generate its replica (Replication)."	
F121	5.2.2	list	EXACT	1.0	9	"(ii) It should be stable chemically and structurally."	
F122	5.2.2	list	EXACT	1.0	9	"(iii) It should provide the scope for slow changes (mutation) that are required for evolution."	
F123	5.2.2	list	EXACT	1.0	9	"(iv) It should be able to express itself in the form of 'Mendelian Characters'."	
F124	5.2.2	concept	EXACT	1.0	9	"because of rule of base pairing and complementarity, both the nucleic acids (DNA and RNA) have the ability to direct their duplications."	
F125	5.2.2	concept	EXACT	1.0	9	"The other molecules in the living system, such as proteins fail to fulfill first criteria itself."	
F126	5.2.2	concept	EXACT	1.0	9	"The genetic material should be stable enough not to change with different stages of life cycle, age or with change in physiology of the organism."	
F127	5.2.2	concept	EXACT	1.0	9	"Stability as one of the properties of genetic material was very evident in Griffith's 'transforming principle' itself that heat, which killed the bacteria, at least did not destroy some of the properties of genetic material."	
F128	5.2.2	concept	EXACT	1.0	9	"This now can easily be explained in light of the DNA that the two strands being complementary if separated by heating come together, when appropriate conditions are provided."	
F129	5.2.2	concept	EXACT	1.0	9	"Further, 2'-OH group present at every nucleotide in RNA is a reactive group and makes RNA labile and easily degradable."	
F130	5.2.2	concept	EXACT	1.0	9	"RNA is also now known to be catalytic, hence reactive."	
F131	5.2.2	concept	EXACT	1.0	9	"Therefore, DNA chemically is less reactive and structurally more stable when compared to RNA. Therefore, among the two nucleic acids, the DNA is a better genetic material."	
F132	5.2.2	concept	EXACT	1.0	9	"In fact, the presence of thymine at the place of uracil also confers additional stability to DNA."	
F133	5.2.2	concept	EXACT	1.0	9	"(Detailed discussion about this requires understanding of the process of repair in DNA, and you will study these processes in higher classes.)"	
F134	5.2.2	concept	EXACT	1.0	9	"Both DNA and RNA are able to mutate. In fact, RNA being unstable, mutate at a faster rate."	
F135	5.2.2	concept	EXACT	1.0	9	"Consequently, viruses having RNA genome and having shorter life span mutate and evolve faster."	
F136	5.2.2	concept	EXACT	1.0	9	"RNA can directly code for the synthesis of proteins, hence can easily express the characters."	
F137	5.2.2	concept	EXACT	1.0	9	"DNA, however, is dependent on RNA for synthesis of proteins. The protein synthesising machinery has evolved around RNA."	
F138	5.2.2	concept	MISS	0.891		"The above discussion indicate that both RNA and DNA can function as genetic material, but DNA being more stable is preferred for storage of genetic information. For the transmission of genetic information, RNA is better."	e above discussion indicate that both rna and dna can function as reprint 2026-27 ===== page 10 ===== biology genetic material, but dna being more stable is preferred for storage of genetic information. for the transmission of genetic information, rna is b
F139	5.3	concept	EXACT	1.0	10	"It shall be discussed in detail in the chapter on chemical evolution, but briefly, we shall highlight some of the facts and points."	
F140	5.3	concept	EXACT	1.0	10	"RNA was the first genetic material."	
F141	5.3	concept	EXACT	1.0	10	"There is now enough evidence to suggest that essential life processes (such as metabolism, translation, splicing, etc.), evolved around RNA."	
F142	5.3	concept	EXACT	1.0	10	"RNA used to act as a genetic material as well as a catalyst (there are some important biochemical reactions in living systems that are catalysed by RNA catalysts and not by protein enzymes)."	
F143	5.3	concept	EXACT	1.0	10	"But, RNA being a catalyst was reactive and hence unstable."	
F144	5.3	concept	EXACT	1.0	10	"Therefore, DNA has evolved from RNA with chemical modifications that make it more stable."	
F145	5.3	concept	EXACT	1.0	10	"DNA being double stranded and having complementary strand further resists changes by evolving a process of repair."	
F146	5.4	concept	MISS	0.924		"To quote their original statement that is as follows: 'It has not escaped our notice that the specific pairing we have postulated immediately suggests a possible copying mechanism for the genetic material' (Watson and Crick, 1953)."	 dna. to quote their original statement that is as follows: ''it has not escaped our notice that the specific pairing we have postulated immediately suggests a possible copying mechanism for the genetic material'' (watson and crick, 1953). the scheme suggested that the
F147	5.4	concept	EXACT	1.0	10	"The scheme suggested that the two strands would separate and act as a template for the synthesis of new complementary strands."	
F148	5.4	concept	EXACT	1.0	10	"After the completion of replication, each DNA molecule would have one parental and one newly synthesised strand."	
F149	5.4	definition	EXACT	1.0	10	"This scheme was termed as semiconservative DNA replication (Figure 5.6)."	
F150	5.4.1	concept	MISS	0.812		"It was shown first in Escherichia coli and subsequently in higher organisms, such as plants and human cells."	was shown first in escherichia coli and subsequently in higher organisms, such as plants splicing, etc.), evolved around rna. 
F151	5.4.1	name	EXACT	1.0	11	"Matthew Meselson and Franklin Stahl performed the following experiment in 1958"	
F152	5.4.1	list	EXACT	1.0	11	"(i) They grew E. coli in a medium containing 15NH4Cl (15N is the heavy isotope of nitrogen) as the only nitrogen source for many generations."	
F153	5.4.1	concept	EXACT	1.0	11	"The result was that 15N was incorporated into newly synthesised DNA (as well as other nitrogen containing compounds)."	
F154	5.4.1	concept	EXACT	1.0	11	"This heavy DNA molecule could be distinguished from the normal DNA by centrifugation in a cesium chloride (CsCl) density gradient"	
F155	5.4.1	concept	EXACT	1.0	11	"(Please note that 15N is not a radioactive isotope, and it can be separated from 14N only based on densities)."	
F156	5.4.1	list	EXACT	1.0	11	"(ii) Then they transferred the cells into a medium with normal 14NH4Cl and took samples at various definite time intervals as the cells multiplied, and extracted the DNA that remained as double-stranded helices."	
F157	5.4.1	concept	EXACT	1.0	11	"The various samples were separated independently on CsCl gradients to measure the densities of DNA (Figure 5.7)."	
F158	5.4.1	question	EXACT	1.0	11	"Can you recall what centrifugal force is, and think why a molecule with higher mass/density would sediment faster?"	
F159	5.4.1	list	EXACT	1.0	11	"(iii) Thus, the DNA that was extracted from the culture one generation after the transfer from 15N to 14N medium [that is after 20 minutes; E. coli divides in 20 minutes] had a hybrid or intermediate density."	
F160	5.4.1	number	MISS	0.83		"DNA extracted from the culture after another generation [that is after 40 minutes, II generation] was composed of equal amounts of this hybrid DNA and of 'light' DNA."	rom the culture after another generation [that is after 40 minutes, ii generation] was reprint 2026-27 ===== page 12 ===== biology composed of equal amounts of this hybrid dna and of 'light' dn
F161	5.4.1	question	EXACT	1.0	12	"If E. coli was allowed to grow for 80 minutes then what would be the proportions of light and hybrid densities DNA molecule?"	
F162	5.4.1	name	EXACT	1.0	12	"Very similar experiments involving use of radioactive thymidine to detect distribution of newly synthesised DNA in the chromosomes was performed on Vicia faba (faba beans) by Taylor and colleagues in 1958."	
F163	5.4.1	concept	EXACT	1.0	12	"The experiments proved that the DNA in chromosomes also replicate semiconservatively."	
F164	5.4.2	definition	EXACT	1.0	12	"The main enzyme is referred to as DNA-dependent DNA polymerase, since it uses a DNA template to catalyse the polymerisation of deoxynucleotides."	
F165	5.4.2	concept	EXACT	1.0	12	"These enzymes are highly efficient enzymes as they have to catalyse polymerisation of a large number of nucleotides in a very short time."	
F166	5.4.2	number	EXACT	1.0	12	"E. coli that has only 4.6 x10^6 bp (compare it with human whose diploid content is 6.6 x 10^9 bp), completes the process of replication within 18 minutes"	
F167	5.4.2	number	EXACT	1.0	12	"that means the average rate of polymerisation has to be approximately 2000 bp per second"	
F168	5.4.2	concept	EXACT	1.0	12	"Not only do these polymerases have to be fast, but they also have to catalyse the reaction with high degree of accuracy. Any mistake during replication would result into mutations."	
F169	5.4.2	concept	EXACT	1.0	12	"Furthermore, energetically replication is a very expensive process."	
F170	5.4.2	concept	EXACT	1.0	12	"Deoxyribonucleoside triphosphates serve dual purposes. In addition to acting as substrates, they provide energy for polymerisation reaction"	
F171	5.4.2	concept	EXACT	1.0	12	"(the two terminal phosphates in a deoxynucleoside triphosphates are high-energy phosphates, same as in case of ATP)."	
F172	5.4.2	concept	EXACT	1.0	12	"In addition to DNA-dependent DNA polymerases, many additional enzymes are required to complete the process of replication with high degree of accuracy."	
F173	5.4.2	definition	EXACT	1.0	12	"For long DNA molecules, since the two strands of DNA cannot be separated in its entire length (due to very high energy requirement), the replication occur within a small opening of the DNA helix, referred to as replication fork."	
F174	5.4.2	concept	MISS	0.887		"The DNA-dependent DNA polymerases catalyse polymerisation only in one direction, that is 5'-to-3'."	cation fork. the dna-dependent dna polymerases catalyse polymerisation only in one direction, that is 5'à3'. this 
F175	5.4.2	concept	EXACT	1.0	12	"This creates some additional complications at the replicating fork."	
F176	5.4.2	concept	MISS	0.882		"Consequently, on one strand (the template with polarity 3'-to-5'), the replication is continuous, while on the other (the template with polarity 5'-to-3'), it is discontinuous."	t the replicating fork. consequently, on one strand (the template with polarity 3'à5'), the replication is continuous, while on the other (the template with polarity 5'à3'), it is discontinuous. the discon
F177	5.4.2	concept	EXACT	1.0	12	"The discontinuously synthesised fragments are later joined by the enzyme DNA ligase (Figure 5.8)."	
F178	5.4.2	concept	EXACT	1.0	12	"The DNA polymerases on their own cannot initiate the process of replication."	
F179	5.4.2	concept	EXACT	1.0	12	"Also the replication does not initiate randomly at any place in DNA."	
F180	5.4.2	definition	EXACT	1.0	12	"There is a definite region in E. coli DNA where the replication originates. Such regions are termed as origin of replication."	
F181	5.4.2	concept	MISS	0.903		"It is because of the requirement of the origin of replication that a piece of DNA if needed to be propagated during recombinant DNA procedures, requires a vector. The vectors provide the origin of replication."	== molecular basis of inheritance because of the requirement of the origin of replication that a piece of dna if needed to be propagated during recombinant dna procedures, requires a vector. the vectors provide the origin of replication. furth
F182	5.4.2	concept	EXACT	1.0	13	"Further, not every detail of replication is understood well."	
F183	5.4.2	concept	EXACT	1.0	13	"In eukaryotes, the replication of DNA takes place at S-phase of the cell-cycle."	
F184	5.4.2	concept	EXACT	1.0	13	"The replication of DNA and cell division cycle should be highly coordinated."	
F185	5.4.2	concept	MISS	0.914		"A failure in cell division after DNA replication results into polyploidy (a chromosomal anomaly)."	ated. a failure in cell division after dna replication results into polyploidy(a chromosomal anomaly). you will l
F186	5.4.2	concept	EXACT	1.0	13	"You will learn the detailed nature of origin and the processes occurring at this site, in higher classes."	
F187	5.5	concept	EXACT	1.0	13	"Here also, the principle of complementarity governs the process of transcription, except the adenosine complements now forms base pair with uracil instead of thymine."	
F188	5.5	concept	EXACT	1.0	13	"However, unlike in the process of replication, which once set in, the total DNA of an organism gets duplicated, in transcription only a segment of DNA and only one of the strands is copied into RNA."	
F189	5.5	concept	EXACT	1.0	13	"This necessitates defining the boundaries that would demarcate the region and the strand of DNA that would be transcribed."	
F190	5.5	concept	EXACT	1.0	13	"First, if both strands act as a template, they would code for RNA molecule with different sequences (Remember complementarity does not mean identical), and in turn, if they code for proteins, the sequence of amino acids in the proteins would be different."	
F191	5.5	concept	EXACT	1.0	13	"Hence, one segment of the DNA would be coding for two different proteins, and this would complicate the genetic information transfer machinery."	
F192	5.5	concept	EXACT	1.0	13	"Second, the two RNA molecules if produced simultaneously would be complementary to each other, hence would form a double stranded RNA."	
F193	5.5	concept	EXACT	1.0	13	"This would prevent RNA from being translated into protein and the exercise of transcription would become a futile one."	
F194	5.5.1	list	EXACT	1.0	13	"A transcription unit in DNA is defined primarily by the three regions in the DNA: (i) A Promoter (ii) The Structural gene (iii) A Terminator"	
F195	5.5.1	concept	EXACT	1.0	14	"There is a convention in defining the two strands of the DNA in the structural gene of a transcription unit."	
F196	5.5.1	definition	MISS	0.875		"Since the two strands have opposite polarity and the DNA-dependent RNA polymerase also catalyse the polymerisation in only one direction, that is, 5'-to-3', the strand that has the polarity 3'-to-5' acts as a template, and is also referred to as template strand."	the two strands have opposite polarity and the dna-dependent rna polymerase also catalyse the polymerisation in only one direction, that is, 5'→3', the strand that has the polarity 3'→5' acts as a template, and is also referred to as template strand. the other strand which has the polarity (5'→3') and th
F197	5.5.1	definition	MISS	0.908		"The other strand which has the polarity (5'-to-3') and the sequence same as RNA (except thymine at the place of uracil), is displaced during transcription. Strangely, this strand (which does not code for anything) is referred to as coding strand."	so referred to as template strand. the other strand which has the polarity (5'→3') and the sequence same as rna (except thymine at the place of uracil), is displaced during transcription. strangely, this strand (which does not code for anything) is referred to as coding strand. all the 
F198	5.5.1	concept	EXACT	1.0	14	"All the reference point while defining a transcription unit is made with coding strand."	
F199	5.5.1	example	MISS	0.905		"3'-ATGCATGCATGCATGCATGCATGC-5' Template Strand / 5'-TACGTACGTACGTACGTACGTACG-3' Coding Strand"	ented below: 3'-atgcatgcatgcatgcatgcatgc-5' template strand 5'-tacgtacgtacgtacgtacgtacg-3' coding strand can
F200	5.5.1	question	EXACT	1.0	14	"Can you now write the sequence of RNA transcribed from the above DNA?"	
F201	5.5.1	concept	EXACT	1.0	14	"The promoter and terminator flank the structural gene in a transcription unit."	
F202	5.5.1	definition	EXACT	1.0	14	"The promoter is said to be located towards 5'-end (upstream) of the structural gene (the reference is made with respect to the polarity of coding strand)."	
F203	5.5.1	definition	EXACT	1.0	14	"It is a DNA sequence that provides binding site for RNA polymerase, and it is the presence of a promoter in a transcription unit that also defines the template and coding strands."	
F204	5.5.1	concept	EXACT	1.0	14	"By switching its position with terminator, the definition of coding and template strands could be reversed."	
F205	5.5.1	definition	EXACT	1.0	14	"The terminator is located towards 3'-end (downstream) of the coding strand and it usually defines the end of the process of transcription (Figure 5.9)."	
F206	5.5.1	concept	EXACT	1.0	14	"There are additional regulatory sequences that may be present further upstream or downstream to the promoter. Some of the properties of these sequences shall be discussed while dealing with regulation of gene expression."	
F207	5.5.2	concept	MISS	0.769		"Though there is no ambiguity that the genes are located on the DNA, it is difficult to literally define a gene in terms of DNA sequence."	hough there is no ambiguity that the genes are located on the dna, it is difficult to literally reprint 2026-27 ===== page 15 ===== molecular basis of inherit
F208	5.5.2	concept	EXACT	1.0	15	"The DNA sequence coding for tRNA or rRNA molecule also define a gene."	
F209	5.5.2	definition	EXACT	1.0	15	"However by defining a cistron as a segment of DNA coding for a polypeptide, the structural gene in a transcription unit could be said as monocistronic (mostly in eukaryotes) or polycistronic (mostly in bacteria or prokaryotes)."	
F210	5.5.2	concept	EXACT	1.0	15	"In eukaryotes, the monocistronic structural genes have interrupted coding sequences - the genes in eukaryotes are split."	
F211	5.5.2	definition	EXACT	1.0	15	"The coding sequences or expressed sequences are defined as exons. Exons are said to be those sequence that appear in mature or processed RNA."	
F212	5.5.2	definition	EXACT	1.0	15	"The exons are interrupted by introns. Introns or intervening sequences do not appear in mature or processed RNA."	
F213	5.5.2	concept	EXACT	1.0	15	"The split-gene arrangement further complicates the definition of a gene in terms of a DNA segment."	
F214	5.5.2	concept	EXACT	1.0	15	"Inheritance of a character is also affected by promoter and regulatory sequences of a structural gene."	
F215	5.5.2	definition	EXACT	1.0	15	"Hence, sometime the regulatory sequences are loosely defined as regulatory genes, even though these sequences do not code for any RNA or protein."	
F216	5.5.3	concept	EXACT	1.0	15	"All three RNAs are needed to synthesise a protein in a cell."	
F217	5.5.3	concept	EXACT	1.0	15	"The mRNA provides the template, tRNA brings aminoacids and reads the genetic code, and rRNAs play structural and catalytic role during translation."	
F218	5.5.3	concept	EXACT	1.0	15	"There is single DNA-dependent RNA polymerase that catalyses transcription of all types of RNA in bacteria."	
F219	5.5.3	concept	MISS	0.561		"RNA polymerase binds to promoter and initiates transcription (Initiation). It uses nucleoside triphosphates as substrate and polymerises in a template depended fashion following the rule of complementarity."	nt rna polymerase that catalyses transcription of all types of rna in bacteria. rna polymerase binds to promoter and initiates transcription (initiation). it uses nucleoside triphosphates as substrate 93 figure 5.10 process of transcription
F220	5.5.3	concept	EXACT	1.0	16	"It somehow also facilitates opening of the helix and continues elongation. Only a short stretch of RNA remains bound to the enzyme."	
F221	5.5.3	concept	EXACT	1.0	16	"Once the polymerases reaches the terminator region, the nascent RNA falls off, so also the RNA polymerase. This results in termination of transcription."	
F222	5.5.3	question	EXACT	1.0	16	"An intriguing question is that how is the RNA polymerases able to catalyse all the three steps, which are initiation, elongation and termination."	
F223	5.5.3	concept	MISS	0.815		"The RNA polymerase is only capable of catalysing the process of elongation. It associates transiently with initiation-factor (sigma) and termination-factor (rho) to initiate and terminate the transcription, respectively."	 is only capable of catalysing the process of elongation. it associates transiently with initiation-factor (σ) and termination-factor (ρ) to initiate and terminate the transcription, respectively. association with these factors alter the specificity of the
F224	5.5.3	concept	EXACT	1.0	16	"Association with these factors alter the specificity of the RNA polymerase to either initiate or terminate (Figure 5.10)."	
F225	5.5.3	concept	EXACT	1.0	16	"In bacteria, since the mRNA does not require any processing to become active, and also since transcription and translation take place in the same compartment (there is no separation of cytosol and nucleus in bacteria), many times the translation can begin much before the mRNA is fully transcribed. Consequently, the transcription and translation can be coupled in bacteria."	
F226	5.5.3	list	MISS	0.915		"In eukaryotes, there are two additional complexities - (i) There are at least three RNA polymerases in the nucleus (in addition to the RNA polymerase found in the organelles). There is a clear cut division of labour."	bacteria. in eukaryotes, there are two additional complexities (i) there are at least three rna polymerases in the nucleus (in addition to the rna polymerase found in the organelles). there is a clear cut division of labour. the rna polymerase i transc
F227	5.5.3	number	MISS	0.799		"The RNA polymerase I transcribes rRNAs (28S, 18S, and 5.8S), whereas the RNA polymerase III is responsible for transcription of tRNA, 5srRNA, and snRNAs (small nuclear RNAs). The RNA polymerase II transcribes precursor of mRNA, the heterogeneous nuclear RNA (hnRNA)."	 eukaryotes reprint 2026-27 ===== page 17 ===== molecular basis of inheritance (28s, 18s, and 5.8s), whereas the rna polymerase iii is responsible for transcription of trna, 5srrna, and snrnas (small nuclear rnas). the rna polymerase ii transcribes precursor of mrna, the heterogeneous nuclear rna (hnrna). (ii
F228	5.5.3	list	EXACT	1.0	17	"(ii) The second complexity is that the primary transcripts contain both the exons and the introns and are non-functional. Hence, it is subjected to a process called splicing where the introns are removed and exons are joined in a defined order."	
F229	5.5.3	number	EXACT	1.0	17	"hnRNA undergoes additional processing called as capping and tailing. In capping an unusual nucleotide (methyl guanosine triphosphate) is added to the 5'-end of hnRNA. In tailing, adenylate residues (200-300) are added at 3'-end in a template independent manner."	
F230	5.5.3	concept	EXACT	1.0	17	"It is the fully processed hnRNA, now called mRNA, that is transported out of the nucleus for translation (Figure 5.11)."	
F231	5.5.3	concept	EXACT	1.0	17	"The significance of such complexities is now beginning to be understood. The split-gene arrangements represent probably an ancient feature of the genome. The presence of introns is reminiscent of antiquity, and the process of splicing represents the dominance of RNA-world. In recent times, the understanding of RNA and RNA-dependent processes in the living system have assumed more importance."	
F232	—	heading	MISS	0.373		"MOLECULAR BASIS OF INHERITANCE" (chapter title, p1; set 30.0pt AvantGarde-**Book** over two lines "MOLECULAR BASIS OF" / "INHERITANCE", preceded by "CHAPTER 5" at 26.0pt — **not bold**, see trap 6)	==== molecular basis of inheritance injected a mixture of heat-killed s and live r bacteria, the mice died. moreover, he recovered living s bacteria from the dead mice. he concluded that the r strain bacteria had somehow been trans
F233	5.1	heading	MISS	0.444		"5.1 THE DNA" (p2, 14.0pt Bookman-Demi section banner)	alyst (there are some important biochemical reactions in living
F234	5.1.1	heading	MISS	0.701		"5.1.1 Structure of Polynucleotide Chain" (p2, 12.0pt)	long polymer. 5.1.1 structure of polynucleotide chain let us re
F235	5.1.2	heading	MISS	0.441		"5.1.2 Packaging of DNA Helix" (p5, 12.0pt; source prints two spaces after the number)	o the process? 5.1.2 packaging of dna helix taken the distance between two consecutive base pairs as
F236	5.2	heading	MISS	0.5		"5.2 THE SEARCH FOR GENETIC MATERIAL" (p6, 14.0pt banner; 10 small-caps spans — see traps 2 and 7)	the dna 5.2 the search for genetic material 5.3 rna world 5.4 replication 5.5 transcription 5.6 genetic code 5.7 t
F237	5.2	heading	MISS	0.441		"Transforming Principle" (p6, 10.5pt full-bold, **unnumbered sub-heading** inside 5.2)	ria. some 'transforming principle', transferred from the heat-killed s strain, had enabled the r str
F238	5.2	heading	MISS	0.525		"Biochemical Characterisation of Transforming Principle" (p7, 10.5pt full-bold, **unnumbered sub-heading** inside 5.2)	ned from his experiments. biochemical characterisation of transforming principle prior to the work of oswald avery, colin macleod and mac
F239	5.2.1	heading	MISS	0.673		"5.2.1 The Genetic Material is DNA" (p7, 12.0pt)	ween dnas and dnase? 5.2.1 the genetic material is dna t
F240	5.2.2	heading	MISS	0.762		"5.2.2 Properties of Genetic Material (DNA versus RNA)" (p8, 12.0pt)	eria (figure 5.5). 5.2.2 properties of genetic material (dna versus rna) from t
F241	5.3	heading	MISS	0.487		"5.3 RNA WORLD" (p10, 14.0pt banner)	5.3 rna world 5.4 replication 5.5 transcri
F242	5.4	heading	MISS	0.537		"5.4 REPLICATION" (p10, 14.0pt banner)	d 5.4 replication 5.5 transcription 5.6 gene
F243	5.4.1	heading	MISS	0.632		"5.4.1 The Experimental Proof" (p10, 12.0pt)	, translation, 5.4.1 the experimental proof it is n
F244	5.4.2	heading	MISS	0.691		"5.4.2 The Machinery and the Enzymes" (p12, 12.0pt)	5.4.2 the machinery and the enzymes in living cells, such a
F245	5.5	heading	MISS	0.558		"5.5 TRANSCRIPTION" (p13, 14.0pt banner)	ion. 5.5.2 transcription unit and the gene a g
F246	5.5.1	heading	MISS	0.651		"5.5.1 Transcription Unit" (p13, 12.0pt)	e one. 5.5.1 transcription unit a transcriptio
F247	5.5.2	heading	MISS	0.702		"5.5.2 Transcription Unit and the Gene" (p14, 12.0pt)	 5.5.2 transcription unit and the gene a gene is defined as t
F248	5.5.3	heading	MISS	0.759		"5.5.3 Types of RNA and the process of Transcription" (p15, 12.0pt)	 protein. 5.5.3 types of rna and the process of transcription in bacteria, the
F249	5.1	opener	MISS	0.57		"DNA is a long polymer of deoxyribonucleotides." (p2 — **defines DNA**; the whole section leans on it)	e dna dna is a long polymer of deoxyribonucleotides. the length of dna is usually defined as number of nucleotides (or 
F250	5.1.1	opener	MISS	0.865		"Let us recapitulate the chemical structure of a polynucleotide chain (DNA or RNA)." (p2)	ynucleotide chain let us recapitulate the chemical structure of a polynucleotide chain (dna or rna). a 
F251	5.1.2	opener	MISS	0.708		"Taken the distance between two consecutive base pairs as 0.34 nm (0.34x10^-9 m), if the length of DNA double helix in a typical mammalian cell is calculated (simply by multiplying the total number of bp with distance between two consecutive bp, that is, 6.6 x 10^9 bp x 0.34 x 10^-9 m/bp), it comes out to be approximately 2.2 metres." (p5 — carries the 2.2 m calculation; overlaps F056/F057 by design, an opener row is still required)	e name to the process? 5.1.2 packaging of dna helix taken the distance between two consecutive base pairs as 0.34 nm (0.34x10-9 m), if the length of dna double helix in a typical mammalian cell is calculated (simply by multiplying the total number of bp with distance between two consecutive bp, that is, 6.6 x 109 bp x 0.34 x 10-9m/bp), it comes out to be approximately 2.2 metres. a length that is far greater than the dimension of a typical nucleus (approximately 10-6 m). how is such a long polymer pa
F252	5.2	opener	MISS	0.899		"Even though the discovery of nuclein by Meischer and the proposition for principles of inheritance by Mendel were almost at the same time, but that the DNA acts as a genetic material took long to be discovered and proven." (p6)	 material even though the discovery of nuclein by meischer and the proposition for principles of inheritance by mendel were almost at the same time, but that the dna acts as a genetic material took long to be discovered and proven. by 1926, the quest to determine th
F253	5.2 (Transforming Principle)	opener	MISS	0.733		"In 1928, Frederick Griffith, in a series of experiments with Streptococcus pneumoniae (bacterium responsible for pneumonia), witnessed a miraculous transformation in the bacteria." (p6 — opener of the unnumbered sub-heading `F237`)	 in 1928, frederick griffith, in a series of experiments with streptococcus pneumoniae (bacterium responsible for pneumonia), witnessed a miraculous transformation in the bacteria. during the course of his experiment, a living organism (bacteria) had changed in physical
F254	5.2 (Biochemical Characterisation)	opener	MISS	0.73		"Prior to the work of Oswald Avery, Colin MacLeod and Maclyn McCarty (1933-44), the genetic material was thought to be a protein." (p7 — opener of the unnumbered sub-heading `F238`)	ansforming principle prior to the work of oswald avery, colin macleod and maclyn mccarty (1933-44), the genetic material was thought to be a protein. they worked to determine the biochemical nature of 'transform
F255	5.2.1	opener	MISS	0.883		"The unequivocal proof that DNA is the genetic material came from the experiments of Alfred Hershey and Martha Chase (1952)." (p7)	he genetic material is dna the unequivocal proof that dna is the genetic material came from the experiments of alfred hershey and martha chase (1952). 
F256	5.2.2	opener	MISS	0.892		"From the foregoing discussion, it is clear that the debate between proteins versus DNA as the genetic material was unequivocally resolved from Hershey-Chase experiment." (p8)	a versus rna) from the foregoing discussion, it is clear that the debate between proteins versus dna as the genetic material was unequivocally resolved from hershey-chase experiment. it became an establis
F257	5.3	opener	MISS	0.85		"From foregoing discussion, an immediate question becomes evident - which is the first genetic material?" (p10)	 better. 5.3 rna world from foregoing discussion, an immediate question becomes evident which is the first genetic material? it s
F258	5.4	opener	MISS	0.878		"While proposing the double helical structure for DNA, Watson and Crick had immediately proposed a scheme for replication of DNA." (p10)	epair. 5.4 replication while proposing the double helical structure for dna, watson and crick had immediately proposed a scheme for replication of dna. to quo
F259	5.4.1	opener	MISS	0.826		"It is now proven that DNA replicates semiconservatively." (p10)	erimental proof it is now proven that dna replicates semiconservatively. i
F260	5.4.2	opener	MISS	0.866		"In living cells, such as E. coli, the process of replication requires a set of catalysts (enzymes)." (p12)	and the enzymes in living cells, such as e. coli, the process of replication requires a set of catalysts (enzymes). the main
F261	5.5	opener	MISS	0.335		"The process of copying genetic information from one strand of the DNA into RNA is termed as transcription." (p13 — **the only place transcription is defined**; §6 step 5's load-bearing case. Recovered by column-aware reading: a naive y-sort splices the `Figure 5.8 Replicating Fork` caption into mid-sentence — see trap 8)	ription the process of copying genetic information from one strand of the dna into rna is termed as transcription. here also, the principle of complementarity governs the process of transcription, except the adenosine complements now forms base pair with uracil instead of thymine. however, unlike in the process of replication, which once set in, the total dna of an organism
F262	5.5.1	opener	MISS	0.459		"A transcription unit in DNA is defined primarily by the three regions in the DNA: (i) A Promoter (ii) The Structural gene (iii) A Terminator" (p13 — the sentence ends at the three-item list; the "convention in defining the two strands" sentence that follows is a separate sentence, not part of the opener)	ated into protein and the exercise of transcription would become a futile one. 91 5.5.1 transcription unit a transcription unit in dna is defined primarily by the three regions in the dna: (i) a promoter (ii) the structural gene (iii) a terminator reprint 2026-27 ===== page 14 ===== biology there is a convention in defining the two strands of the dna in t
F263	5.5.2	opener	MISS	0.448		"A gene is defined as the functional unit of inheritance." (p14 — **the only place gene is defined**; §6 step 5's second load-bearing case, and the word sits in the heading `F247` directly above it)	ussed while dealing with regulation of gene expression. 5.5.2 transcription unit and the gene a gene is defined as the functional unit of inheritance. though there is no ambiguity that the genes are located on the dna, it is diffic
F264	5.5.3	opener	MISS	0.872		"In bacteria, there are three major types of RNAs: mRNA (messenger RNA), tRNA (transfer RNA), and rRNA (ribosomal RNA)." (p15)	e process of transcription in bacteria, there are three major types of rnas: mrna (messenger rna), trna (transfer rna), and rrna (ribosomal rna). a
F265	5.6	concept	EXACT	1.0	17	"Hence, these processes are easy to conceptualise on the basis of complementarity."	
F266	5.6	concept	EXACT	1.0	17	"The process of translation requires transfer of genetic information from a polymer of nucleotides to synthesise a polymer of amino acids."	
F267	5.6	concept	EXACT	1.0	17	"Neither does any complementarity exist between nucleotides and amino acids, nor could any be drawn theoretically."	
F268	5.6	concept	EXACT	1.0	17	"There existed ample evidences, though, to support the notion that change in nucleic acids (genetic material) were responsible for change in amino acids in proteins."	
F269	5.6	concept	EXACT	1.0	17	"This led to the proposition of a genetic code that could direct the sequence of amino acids during synthesis of proteins."	
F270	5.6	concept	EXACT	1.0	17	"If determining the biochemical nature of genetic material and the structure of DNA was very exciting, the proposition and deciphering of genetic code were most challenging."	
F271	5.6	concept	EXACT	1.0	17	"In a very true sense, it required involvement of scientists from several disciplines - physicists, organic chemists, biochemists and geneticists."	
F272	5.6	name	EXACT	1.0	17	"It was George Gamow, a physicist, who argued that since there are only 4 bases and if they have to code for 20 amino acids, the code should constitute a combination of bases."	
F273	5.6	concept	EXACT	1.0	17	"He suggested that in order to code for all the 20 amino acids, the code should be made up of three nucleotides."	
F274	5.6	number	EXACT	1.0	17	"This was a very bold proposition, because a permutation combination of 4^3 (4 x 4 x 4) would generate 64 codons; generating many more codons than required."	
F275	5.6	concept	EXACT	1.0	17	"Providing proof that the codon was a triplet, was a more daunting task."	
F276	5.6	name	MISS	0.839		"The chemical method developed by Har Gobind Khorana was instrumental in synthesising RNA molecules with defined combinations of bases (homopolymers and copolymers)."	the chemical method developed by har gobind khorana was reprint 2026-27 95 ===== page 18 ===== 96 instrumental in synthesising rna molecules with defined combinations of bases (homopolymers a
F277	5.6	name	EXACT	1.0	18	"Marshall Nirenberg's cell-free system for protein synthesis finally helped the code to be deciphered."	
F278	5.6	name	EXACT	1.0	18	"Severo Ochoa enzyme (polynucleotide phosphorylase) was also helpful in polymerising RNA with defined sequences in a template independent manner (enzymatic synthesis of RNA)."	
F279	5.6	concept	EXACT	1.0	18	"Finally a checker-board for genetic code was prepared which is given in Table 5.1."	
F280	5.6	table	MISS	0.429		"Table 5.1: The Codons for the Various Amino Acids" (p18, 10.0pt Bookman-Demi table caption; the 64-cell codon checker-board itself is **not text-extractable** - see carry-over 9)	uu uuu uuctable 5.1: the codons for the various amino acids reprint 2026-27 biology ===== page 19 ===== molecular basis of inheritance now try the opposite. following is the sequence of amino acids coded by a
F281	5.6	concept	EXACT	1.0	18	"The salient features of genetic code are as follows:"	
F282	5.6	list	EXACT	1.0	18	"(i) The codon is triplet. 61 codons code for amino acids and 3 codons do not code for any amino acids, hence they function as stop codons."	
F283	5.6	list	EXACT	1.0	18	"(ii) Some amino acids are coded by more than one codon, hence the code is degenerate."	
F284	5.6	list	EXACT	1.0	18	"(iii) The codon is read in mRNA in a contiguous fashion. There are no punctuations."	
F285	5.6	list	EXACT	1.0	18	"(iv) The code is nearly universal: for example, from bacteria to human UUU would code for Phenylalanine (phe). Some exceptions to this rule have been found in mitochondrial codons, and in some protozoans."	
F286	5.6	list	EXACT	1.0	18	"(v) AUG has dual functions. It codes for Methionine (met) , and it also act as initiator codon."	
F287	5.6	list	EXACT	1.0	18	"(vi) UAA, UAG, UGA are stop terminator codons."	
F288	5.6	question	MISS	0.917		"If following is the sequence of nucleotides in mRNA, predict the sequence of amino acid coded by it (take help of the checkerboard): -AUG UUU UUC UUC UUU UUU UUC-"	odons. if following is the sequence of nucleotides in mrna, predict the sequence of amino acid coded by it (take help of the checkerboard): -aug uuu uuc uuc uuu uuu uuctable 5.1: the codons
F289	5.6	question	EXACT	1.0	19	"Now try the opposite. Following is the sequence of amino acids coded by an mRNA. Predict the nucleotide sequence in the RNA: Met-Phe-Phe-Phe-Phe-Phe-Phe"	
F290	5.6	question	EXACT	1.0	19	"Do you face any difficulty in predicting the opposite?"	
F291	5.6	question	EXACT	1.0	19	"Can you now correlate which two properties of genetic code you have learnt?"	
F292	5.6.1	concept	EXACT	1.0	19	"You have studied about mutation and its effect in Chapter 4."	
F293	5.6.1	concept	EXACT	1.0	19	"Effects of large deletions and rearrangements in a segment of DNA are easy to comprehend. It may result in loss or gain of a gene and so a function."	
F294	5.6.1	concept	EXACT	1.0	19	"The effect of point mutations will be explained here."	
F295	5.6.1	example	EXACT	1.0	19	"A classical example of point mutation is a change of single base pair in the gene for beta globin chain that results in the change of amino acid residue glutamate to valine."	
F296	5.6.1	concept	EXACT	1.0	19	"It results into a diseased condition called as sickle cell anemia."	
F297	5.6.1	concept	EXACT	1.0	19	"Effect of point mutations that inserts or deletes a base in structural gene can be better understood by following simple example."	
F298	5.6.1	example	EXACT	1.0	19	"Consider a statement that is made up of the following words each having three letters like genetic code. RAM HAS RED CAP"	
F299	5.6.1	example	EXACT	1.0	19	"If we insert a letter B in between HAS and RED and rearrange the statement, it would read as follows: RAM HAS BRE DCA P"	
F300	5.6.1	example	EXACT	1.0	19	"Similarly, if we now insert two letters at the same place, say BI'. Now it would read, RAM HAS BIR EDC AP"	
F301	5.6.1	example	EXACT	1.0	19	"Now we insert three letters together, say BIG, the statement would read RAM HAS BIG RED CAP"	
F302	5.6.1	example	MISS	0.908		"The same exercise can be repeated, by deleting the letters R, E and D, one by one and rearranging the statement to make a triplet word. RAM HAS EDC AP / RAM HAS DCA P / RAM HAS CAP"	 ram has big red cap the same exercise can be repeated, by deleting the letters r, e and d, one by one and rearranging the statement to make a triplet word. ram has edc ap 97 ram has dca p ram has cap the concl
F303	5.6.1	concept	EXACT	1.0	19	"The conclusion from the above exercise is very obvious. Insertion or deletion of one or two bases changes the reading frame from the point of insertion or deletion."	
F304	5.6.1	definition	MISS	0.624		"However, such mutations are referred to as frameshift insertion or deletion mutations."	ver, such mutations are referred to as reprint 2026-27 97 ===== page 20 ===== 98 frameshift insertio
F305	5.6.1	concept	EXACT	1.0	20	"Insertion or deletion of three or its multiple bases insert or delete in one or multiple codon hence one or multiple amino acids, and reading frame remains unaltered from that point onwards."	
F306	5.6.2	concept	EXACT	1.0	20	"He postulated the presence of an adapter molecule that would on one hand read the code and on other hand would bind to specific amino acids."	
F307	5.6.2	concept	EXACT	1.0	20	"The tRNA, then called sRNA (soluble RNA), was known before the genetic code was postulated. However, its role as an adapter molecule was assigned much later."	
F308	5.6.2	definition	EXACT	1.0	20	"tRNA has an anticodon loop that has bases complementary to the code, and it also has an amino acid acceptor end to which it binds to amino acids."	
F309	5.6.2	concept	EXACT	1.0	20	"tRNAs are specific for each amino acid (Figure 5.12)."	
F310	5.6.2	definition	EXACT	1.0	20	"For initiation, there is another specific tRNA that is referred to as initiator tRNA."	
F311	5.6.2	concept	EXACT	1.0	20	"There are no tRNAs for stop codons."	
F312	5.6.2	concept	EXACT	1.0	20	"In figure 5.12, the secondary structure of tRNA has been depicted that looks like a clover-leaf."	
F313	5.6.2	concept	EXACT	1.0	20	"In actual structure, the tRNA is a compact molecule which looks like inverted L."	
F314	5.7	concept	EXACT	1.0	20	"The order and sequence of amino acids are defined by the sequence of bases in the mRNA."	
F315	5.7	definition	EXACT	1.0	20	"The amino acids are joined by a bond which is known as a peptide bond."	
F316	5.7	concept	EXACT	1.0	20	"Formation of a peptide bond requires energy."	
F317	5.7	definition	EXACT	1.0	20	"Therefore, in the first phase itself amino acids are activated in the presence of ATP and linked to their cognate tRNA - a process commonly called as charging of tRNA or aminoacylation of tRNA to be more specific."	
F318	5.7	concept	MISS	0.742		"If two such charged tRNAs are brought close enough, the formation of peptide bond between them would be favoured energetically."	. if two such charged trnas are brought close enough, the formation of peptide bond between them reprint 2026-27 ===== page 21 ===== molecular basis
F319	5.7	concept	EXACT	1.0	21	"The presence of a catalyst would enhance the rate of peptide bond formation."	
F320	5.7	definition	EXACT	1.0	21	"The cellular factory responsible for synthesising proteins is the ribosome."	
F321	5.7	number	EXACT	1.0	21	"The ribosome consists of structural RNAs and about 80 different proteins."	
F322	5.7	concept	EXACT	1.0	21	"In its inactive state, it exists as two subunits; a large subunit and a small subunit."	
F323	5.7	concept	EXACT	1.0	21	"When the small subunit encounters an mRNA, the process of translation of the mRNA to protein begins."	
F324	5.7	number	EXACT	1.0	21	"There are two sites in the large subunit, for subsequent amino acids to bind to and thus, be close enough to each other for the formation of a peptide bond."	
F325	5.7	concept	EXACT	1.0	21	"The ribosome also acts as a catalyst (23S rRNA in bacteria is the enzyme- ribozyme) for the formation of peptide bond."	
F326	5.7	definition	EXACT	1.0	21	"A translational unit in mRNA is the sequence of RNA that is flanked by the start codon (AUG) and the stop codon and codes for a polypeptide."	
F327	5.7	definition	EXACT	1.0	21	"An mRNA also has some additional sequences that are not translated and are referred as untranslated regions (UTR)."	
F328	5.7	concept	EXACT	1.0	21	"The UTRs are present at both 5'-end (before start codon) and at 3'-end (after stop codon)."	
F329	5.7	concept	EXACT	1.0	21	"They are required for efficient translation process."	
F330	5.7	concept	EXACT	1.0	21	"For initiation, the ribosome binds to the mRNA at the start codon (AUG) that is recognised only by the initiator tRNA."	
F331	5.7	concept	EXACT	1.0	21	"The ribosome proceeds to the elongation phase of protein synthesis."	
F332	5.7	concept	EXACT	1.0	21	"During this stage, complexes composed of an amino acid linked to tRNA, sequentially bind to the appropriate codon in mRNA by forming complementary base pairs with the tRNA anticodon."	
F333	5.7	concept	EXACT	1.0	21	"The ribosome moves from codon to codon along the mRNA."	
F334	5.7	concept	MISS	0.644		"Amino acids are added one by one, translated into Polypeptide sequences dictated by DNA and represented by mRNA." (source capitalises "Polypeptide" mid-sentence; reproduce NCERT's own casing)	along the mrna. amino acids are added one by one, translated into polypeptide sequences dictated by dna and represented by mrna. at the end, a release factor binds to the stop codon, terminating translation and releasing the
F335	5.7	concept	EXACT	1.0	21	"At the end, a release factor binds to the stop codon, terminating translation and releasing the complete polypeptide from the ribosome."	
F336	5.8	concept	EXACT	1.0	21	"Considering that gene expression results in the formation of a polypeptide, it can be regulated at several levels."	
F337	5.8	list	EXACT	1.0	21	"In eukaryotes, the regulation could be exerted at (i) transcriptional level (formation of primary transcript), (ii) processing level (regulation of splicing), (iii) transport of mRNA from nucleus to the cytoplasm, (iv) translational level."	
F338	5.8	concept	EXACT	1.0	22	"The genes in a cell are expressed to perform a particular function or a set of functions."	
F339	5.8	example	EXACT	1.0	22	"For example, if an enzyme called beta-galactosidase is synthesised by E. coli, it is used to catalyse the hydrolysis of a disaccharide, lactose into galactose and glucose; the bacteria use them as a source of energy."	
F340	5.8	concept	EXACT	1.0	22	"Hence, if the bacteria do not have lactose around them to be utilised for energy source, they would no longer require the synthesis of the enzyme beta-galactosidase."	
F341	5.8	concept	EXACT	1.0	22	"Therefore, in simple terms, it is the metabolic, physiological or environmental conditions that regulate the expression of genes."	
F342	5.8	concept	EXACT	1.0	22	"The development and differentiation of embryo into adult organisms are also a result of the coordinated regulation of expression of several sets of genes."	
F343	5.8	concept	EXACT	1.0	22	"In prokaryotes, control of the rate of transcriptional initiation is the predominant site for control of gene expression."	
F344	5.8	concept	EXACT	1.0	22	"In a transcription unit, the activity of RNA polymerase at a given promoter is in turn regulated by interaction with accessory proteins, which affect its ability to recognise start sites."	
F345	5.8	definition	EXACT	1.0	22	"These regulatory proteins can act both positively (activators) and negatively (repressors)."	
F346	5.8	definition	EXACT	1.0	22	"The accessibility of promoter regions of prokaryotic DNA is in many cases regulated by the interaction of proteins with sequences termed operators."	
F347	5.8	concept	EXACT	1.0	22	"The operator region is adjacent to the promoter elements in most operons and in most cases the sequences of the operator bind a repressor protein."	
F348	5.8	concept	EXACT	1.0	22	"Each operon has its specific operator and specific repressor."	
F349	5.8	example	EXACT	1.0	22	"For example, lac operator is present only in the lac operon and it interacts specifically with lac repressor only."	
F350	5.8.1	name	EXACT	1.0	22	"They were the first to elucidate a transcriptionally regulated system."	
F351	5.8.1	definition	EXACT	1.0	22	"In lac operon (here lac refers to lactose), a polycistronic structural gene is regulated by a common promoter and regulatory genes."	
F352	5.8.1	definition	EXACT	1.0	22	"Such arrangement is very common in bacteria and is referred to as operon."	
F353	5.8.1	example	EXACT	1.0	22	"To name few such examples, lac operon, trp operon, ara operon, his operon, val operon, etc."	
F354	5.8.1	definition	EXACT	1.0	22	"The lac operon consists of one regulatory gene (the i gene - here the term i does not refer to inducer, rather it is derived from the word inhibitor) and three structural genes (z, y, and a)."	
F355	5.8.1	concept	EXACT	1.0	22	"The i gene codes for the repressor of the lac operon."	
F356	5.8.1	concept	MISS	0.904		"The z gene codes for beta-galactosidase (beta-gal), which is primarily responsible for the hydrolysis of the disaccharide, lactose into its monomeric units, galactose and glucose."	 lac operon. the z gene codes for beta-galactosidase (β-gal), which is primarily responsible for the hydrolysis of the disaccharide, lactose into its monomeric units, galactose and glucose. the y gene codes f
F357	5.8.1	concept	MISS	0.886		"The y gene codes for permease, which increases permeability of the cell to beta-galactosides."	and glucose. the y gene codes for permease, which increases permeability of the cell to β-galactosides. the 
F358	5.8.1	concept	EXACT	1.0	22	"The a gene encodes a transacetylase."	
F359	5.8.1	concept	EXACT	1.0	22	"Hence, all the three gene products in lac operon are required for metabolism of lactose."	
F360	5.8.1	concept	EXACT	1.0	22	"In most other operons as well, the genes present in the operon are needed together to function in the same or related metabolic pathway (Figure 5.14)."	
F361	5.8.1	definition	EXACT	1.0	23	"Lactose is the substrate for the enzyme beta-galactosidase and it regulates switching on and off of the operon. Hence, it is termed as inducer."	
F362	5.8.1	concept	EXACT	1.0	23	"In the absence of a preferred carbon source such as glucose, if lactose is provided in the growth medium of the bacteria, the lactose is transported into the cells through the action of permease (Remember, a very low level of expression of lac operon has to be present in the cell all the time, otherwise lactose cannot enter the cells)."	
F363	5.8.1	concept	EXACT	1.0	23	"The lactose then induces the operon in the following manner."	
F364	5.8.1	concept	EXACT	1.0	23	"The repressor of the operon is synthesised (all-the-time - constitutively) from the i gene."	
F365	5.8.1	concept	EXACT	1.0	23	"The repressor protein binds to the operator region of the operon and prevents RNA polymerase from transcribing the operon."	
F366	5.8.1	concept	EXACT	1.0	23	"In the presence of an inducer, such as lactose or allolactose, the repressor is inactivated by interaction with the inducer."	
F367	5.8.1	concept	EXACT	1.0	23	"This allows RNA polymerase access to the promoter and transcription proceeds (Figure 5.14)."	
F368	5.8.1	concept	EXACT	1.0	23	"Essentially, regulation of lac operon can also be visualised as regulation of enzyme synthesis by its substrate."	
F369	5.8.1	concept	EXACT	1.0	23	"Remember, glucose or galactose cannot act as inducers for lac operon."	
F370	5.8.1	question	EXACT	1.0	23	"Can you think for how long the lac operon would be expressed in the presence of lactose?"	
F371	5.8.1	definition	EXACT	1.0	23	"Regulation of lac operon by repressor is referred to as negative regulation."	
F372	5.8.1	concept	EXACT	1.0	23	"Lac operon is under control of positive regulation as well, but it is beyond the scope of discussion at this level."	
F373	5.9	concept	EXACT	1.0	24	"In other words, genetic make-up of an organism or an individual lies in the DNA sequences."	
F374	5.9	concept	EXACT	1.0	24	"If two individuals differ, then their DNA sequences should also be different, at least at some places."	
F375	5.9	concept	EXACT	1.0	24	"These assumptions led to the quest of finding out the complete DNA sequence of human genome."	
F376	5.9	number	EXACT	1.0	24	"With the establishment of genetic engineering techniques where it was possible to isolate and clone any piece of DNA and availability of simple and fast techniques for determining DNA sequences, a very ambitious project of sequencing human genome was launched in the year 1990."	
F377	5.9	concept	EXACT	1.0	24	"Human Genome Project (HGP) was called a mega project."	
F378	5.9	concept	EXACT	1.0	24	"You can imagine the magnitude and the requirements for the project if we simply define the aims of the project as follows:"	
F379	5.9	number	EXACT	1.0	24	"Human genome is said to have approximately 3 x 10^9 bp, and if the cost of sequencing required is US $ 3 per bp (the estimated cost in the beginning), the total estimated cost of the project would be approximately 9 billion US dollars."	
F380	5.9	number	EXACT	1.0	24	"Further, if the obtained sequences were to be stored in typed form in books, and if each page of the book contained 1000 letters and each book contained 1000 pages, then 3300 such books would be required to store the information of DNA sequence from a single human cell."	
F381	5.9	concept	EXACT	1.0	24	"The enormous amount of data expected to be generated also necessitated the use of high speed computational devices for data storage and retrieval, and analysis."	
F382	5.9	definition	EXACT	1.0	24	"HGP was closely associated with the rapid development of a new area in biology called Bioinformatics."	
F383	5.9 (Goals of HGP)	number	EXACT	1.0	24	"(i) Identify all the approximately 20,000-25,000 genes in human DNA;"	
F384	5.9 (Goals of HGP)	number	EXACT	1.0	24	"(ii) Determine the sequences of the 3 billion chemical base pairs that make up human DNA;"	
F385	5.9 (Goals of HGP)	list	MISS	0.129		"(iiii) Store this information in databases;" (the source really prints the numeral as "(iiii)" - reproduce the item as "(iii)" in the rewrite but do not silently renumber the rest; see carry-over 12)	nformation in databases; (iv) improve tools for data analysis; (v) transfer related technologies to other sectors, such as industries; (vi) address the ethical, legal, and social issues (elsi) that may arise from the project. 102 the
F386	5.9 (Goals of HGP)	list	EXACT	1.0	24	"(iv) Improve tools for data analysis;"	
F387	5.9 (Goals of HGP)	list	EXACT	1.0	24	"(v) Transfer related technologies to other sectors, such as industries;"	
F388	5.9 (Goals of HGP)	list	EXACT	1.0	24	"(vi) Address the ethical, legal, and social issues (ELSI) that may arise from the project."	
F389	5.9	number	EXACT	1.0	24	"The Human Genome Project was a 13-year project coordinated by the U.S. Department of Energy and the National Institute of Health."	
F390	5.9	name	EXACT	1.0	24	"During the early years of the HGP, the Wellcome Trust (U.K.) became a major partner; additional contributions came from Japan, France, Germany, China and others."	
F391	5.9	number	EXACT	1.0	24	"The project was completed in 2003."	
F392	5.9	concept	MISS	0.783		"Knowledge about the effects of DNA variations among individuals can lead to revolutionary new ways to diagnose, treat and someday prevent the thousands of disorders that affect human beings."	ompleted in 2003. knowledge about the effects of dna variations among individuals can lead to revolutionary new ways to diagnose, treat and someday prevent the thousands of reprint 2026-27 biology ===== page 25 ===== mole
F393	5.9	concept	EXACT	1.0	25	"Besides providing clues to understanding human biology, learning about non-human organisms DNA sequences can lead to an understanding of their natural capabilities that can be applied toward solving challenges in health care, agriculture, energy production, environmental remediation."	
F394	5.9	example	EXACT	1.0	25	"Many non-human model organisms, such as bacteria, yeast, Caenorhabditis elegans (a free living non-pathogenic nematode), Drosophila (the fruit fly), plants (rice and Arabidopsis), etc., have also been sequenced."	
F395	5.9	concept	MISS	0.527		"Methodologies : The methods involved two major approaches." (10.5pt bold run-in label, **not** a standalone heading - see carry-over 10)	d. methodologies : the methods involved two major approaches. one approach focused on identifying all the genes that are expressed as rna (referred to as expre
F396	5.9	definition	EXACT	1.0	25	"One approach focused on identifying all the genes that are expressed as RNA (referred to as Expressed Sequence Tags (ESTs)."	
F397	5.9	definition	EXACT	1.0	25	"The other took the blind approach of simply sequencing the whole set of genome that contained all the coding and non-coding sequence, and later assigning different regions in the sequence with functions (a term referred to as Sequence Annotation)."	
F398	5.9	concept	EXACT	1.0	25	"For sequencing, the total DNA from a cell is isolated and converted into random fragments of relatively smaller sizes (recall DNA is a very long polymer, and there are technical limitations in sequencing very long pieces of DNA) and cloned in suitable host using specialised vectors."	
F399	5.9	concept	EXACT	1.0	25	"The cloning resulted into amplification of each piece of DNA fragment so that it subsequently could be sequenced with ease."	
F400	5.9	definition	EXACT	1.0	25	"The commonly used hosts were bacteria and yeast, and the vectors were called as BAC (bacterial artificial chromosomes), and YAC (yeast artificial chromosomes)."	
F401	5.9	name	EXACT	1.0	25	"The fragments were sequenced using automated DNA sequencers that worked on the principle of a method developed by Frederick Sanger."	
F402	5.9	name	EXACT	1.0	25	"(Remember, Sanger is also credited for developing method for determination of amino acid sequences in proteins)."	
F403	5.9	concept	EXACT	1.0	25	"These sequences were then arranged based on some overlapping regions present in them. This required generation of overlapping fragments for sequencing."	
F404	5.9	concept	EXACT	1.0	25	"Alignment of these sequences was humanly not possible. Therefore, specialised computer based programs were developed (Figure 5.15)."	
F405	5.9	concept	EXACT	1.0	25	"These sequences were subsequently annotated and were assigned to each chromosome."	
F406	5.9	number	MISS	0.888		"The sequence of chromosome 1 was completed only in May 2006 (this was the last of the 24 human chromosomes - 22 autosomes and X and Y - to be sequenced)."	ome. the sequence of chromosome 1 was completed only in may 2006 (this was the last of the 24 human chromosomes - 22 autosomes and x and y - to be figure 5.15 a representative di
F407	5.9	concept	EXACT	1.0	26	"Another challenging task was assigning the genetic and physical maps on the genome."	
F408	5.9	definition	EXACT	1.0	26	"This was generated using information on polymorphism of restriction endonuclease recognition sites, and some repetitive DNA sequences known as microsatellites (one of the applications of polymorphism in repetitive DNA sequences shall be explained in next section of DNA fingerprinting)."	
F409	5.9.1	number	EXACT	1.0	26	"(i) The human genome contains 3164.7 million bp."	
F410	5.9.1	number	EXACT	1.0	26	"(ii) The average gene consists of 3000 bases, but sizes vary greatly, with the largest known human gene being dystrophin at 2.4 million bases."	
F411	5.9.1	number	EXACT	1.0	26	"(iii) The total number of genes is estimated at 30,000-much lower than previous estimates of 80,000 to 1,40,000 genes. Almost all (99.9 per cent) nucleotide bases are exactly the same in all humans."	
F412	5.9.1	number	EXACT	1.0	26	"(iv) The functions are unknown for over 50 per cent of the discovered genes."	
F413	5.9.1	number	EXACT	1.0	26	"(v) Less than 2 per cent of the genome codes for proteins."	
F414	5.9.1	concept	EXACT	1.0	26	"(vi) Repeated sequences make up very large portion of the human genome."	
F415	5.9.1	definition	EXACT	1.0	26	"(vii) Repetitive sequences are stretches of DNA sequences that are repeated many times, sometimes hundred to thousand times. They are thought to have no direct coding functions, but they shed light on chromosome structure, dynamics and evolution."	
F416	5.9.1	number	EXACT	1.0	26	"(viii) Chromosome 1 has most genes (2968), and the Y has the fewest (231)."	
F417	5.9.1	number	MISS	0.921		"(ix) Scientists have identified about 1.4 million locations where single-base DNA differences (SNPs - single nucleotide polymorphism, pronounced as 'snips') occur in humans. This information promises to revolutionise the processes of finding chromosomal locations for disease-associated sequences and tracing human history."	8), and the y has the fewest (231). (ix) scientists have identified about 1.4 million locations where singlebase dna differences (snps - single nucleotide polymorphism, pronounced as 'snips') occur in humans. this information promises to revolutionise the processes of finding chromosomal locations for disease-associated sequences and tracing human history. 5.9.2 application
F418	5.9.2	concept	EXACT	1.0	26	"This enormous task will require the expertise and creativity of tens of thousands of scientists from varied disciplines in both the public and private sectors worldwide."	
F419	5.9.2	concept	EXACT	1.0	26	"One of the greatest impacts of having the HG sequence may well be enabling a radically new approach to biological research."	
F420	5.9.2	concept	EXACT	1.0	26	"In the past, researchers studied one or a few genes at a time."	
F421	5.9.2	concept	MISS	0.863		"With whole-genome sequences and new high-throughput technologies, we can approach questions systematically and on a much broader scale."	at a time. with whole-genome sequences and new high-throughput technologies, we can approach questions systematically and on a much reprint 2026-27 ===== pag
F422	5.9.2	concept	EXACT	1.0	27	"They can study all the genes in a genome, for example, all the transcripts in a particular tissue or organ or tumor, or how tens of thousands of genes and proteins work together in interconnected networks to orchestrate the chemistry of life."	
F423	5.10	question	EXACT	1.0	27	"Assuming human genome as 3 x 10^9 bp, in how many base sequences would there be differences?"	
F424	5.10	concept	EXACT	1.0	27	"It is these differences in sequence of DNA which make every individual unique in their phenotypic appearance."	
F425	5.10	concept	EXACT	1.0	27	"If one aims to find out genetic differences between two individuals or among individuals of a population, sequencing the DNA every time would be a daunting and expensive task."	
F426	5.10	number	MISS	0.224		"Imagine trying to compare two sets of 3 x 10^6 base pairs." (the source prints the exponent as 6 here, two sentences after printing 3 x 10^9 for the same genome - reproduce as printed; see carry-over 11)	g to compare two sets of 3 x 10 base pairs. dna fingerprinting is a very quick way to compare the dna sequences of any two individuals. dna fingerprinting involves identifying differences in some specific regions in dna sequence called
F427	5.10	definition	EXACT	1.0	27	"DNA fingerprinting is a very quick way to compare the DNA sequences of any two individuals."	
F428	5.10	definition	EXACT	1.0	27	"DNA fingerprinting involves identifying differences in some specific regions in DNA sequence called as repetitive DNA, because in these sequences, a small stretch of DNA is repeated many times."	
F429	5.10	concept	EXACT	1.0	27	"These repetitive DNA are separated from bulk genomic DNA as different peaks during density gradient centrifugation."	
F430	5.10	definition	EXACT	1.0	27	"The bulk DNA forms a major peak and the other small peaks are referred to as satellite DNA."	
F431	5.10	list	EXACT	1.0	27	"Depending on base composition (A : T rich or G:C rich), length of segment, and number of repetitive units, the satellite DNA is classified into many categories, such as micro-satellites, mini-satellites etc."	
F432	5.10	concept	EXACT	1.0	27	"These sequences normally do not code for any proteins, but they form a large portion of human genome."	
F433	5.10	concept	EXACT	1.0	27	"These sequence show high degree of polymorphism and form the basis of DNA fingerprinting."	
F434	5.10	concept	EXACT	1.0	27	"Since DNA from every tissue (such as blood, hair-follicle, skin, bone, saliva, sperm etc.), from an individual show the same degree of polymorphism, they become very useful identification tool in forensic applications."	
F435	5.10	concept	EXACT	1.0	27	"Further, as the polymorphisms are inheritable from parents to children, DNA fingerprinting is the basis of paternity testing, in case of disputes."	
F436	5.10	concept	EXACT	1.0	27	"As polymorphism in DNA sequence is the basis of genetic mapping of human genome as well as of DNA fingerprinting, it is essential that we understand what DNA polymorphism means in simple terms."	
F437	5.10	definition	EXACT	1.0	27	"Polymorphism (variation at genetic level) arises due to mutations."	
F438	5.10	concept	EXACT	1.0	27	"(Recall different kind of mutations and their effects that you have already studied in Chapter 4, and in the preceding sections in this chapter.)"	
F439	5.10	concept	EXACT	1.0	27	"New mutations may arise in an individual either in somatic cells or in the germ cells (cells that generate gametes in sexually reproducing organisms)."	
F440	5.10	concept	MISS	0.854		"If a germ cell mutation does not seriously impair individual's ability to have offspring who can transmit the mutation, it can spread to the other members of population (through sexual reproduction)."	mutation does not seriously impair individual's ability to have offspring who can transmit the mutation, it can spread to reprint 2026-27 ===== page 28 ===== biology the other members of population (through sexual reproduction). all
F441	5.10	number	EXACT	1.0	28	"Allelic (again recall the definition of alleles from Chapter 4) sequence variation has traditionally been described as a DNA polymorphism if more than one variant (allele) at a locus occurs in human population with a frequency greater than 0.01."	
F442	5.10	definition	EXACT	1.0	28	"In simple terms, if an inheritable mutation is observed in a population at high frequency, it is referred to as DNA polymorphism."	
F443	5.10	concept	MISS	0.91		"The probability of such variation to be observed in non-coding DNA sequence would be higher as mutations in these sequences may not have any immediate effect/impact in an individual's reproductive ability."	e probability of such variation to be observed in noncoding dna sequence would be higher as mutations in these sequences may not have any immediate effect/impact in an individual's reproductive ability. these mutations keep on accumulating
F444	5.10	concept	EXACT	1.0	28	"These mutations keep on accumulating generation after generation, and form one of the basis of variability/polymorphism."	
F445	5.10	concept	EXACT	1.0	28	"There is a variety of different types of polymorphisms ranging from single nucleotide change to very large scale changes."	
F446	5.10	concept	EXACT	1.0	28	"For evolution and speciation, such polymorphisms play very important role, and you will study these in details at higher classes."	
F447	5.10	name	EXACT	1.0	28	"The technique of DNA Fingerprinting was initially developed by Alec Jeffreys."	
F448	5.10	definition	EXACT	1.0	28	"He used a satellite DNA as probe that shows very high degree of polymorphism. It was called as Variable Number of Tandem Repeats (VNTR)."	
F449	5.10	concept	EXACT	1.0	28	"The technique, as used earlier, involved Southern blot hybridisation using radiolabelled VNTR as a probe."	
F450	5.10	list	EXACT	1.0	28	"(i) isolation of DNA,"	
F451	5.10	list	EXACT	1.0	28	"(ii) digestion of DNA by restriction endonucleases,"	
F452	5.10	list	EXACT	1.0	28	"(iii) separation of DNA fragments by electrophoresis,"	
F453	5.10	list	EXACT	1.0	28	"(iv) transferring (blotting) of separated DNA fragments to synthetic membranes, such as nitrocellulose or nylon,"	
F454	5.10	list	EXACT	1.0	28	"(v) hybridisation using labelled VNTR probe, and"	
F455	5.10	list	EXACT	1.0	28	"(vi) detection of hybridised DNA fragments by autoradiography."	
F456	5.10	concept	EXACT	1.0	28	"A schematic representation of DNA fingerprinting is shown in Figure 5.16."	
F457	5.10	definition	EXACT	1.0	28	"The VNTR belongs to a class of satellite DNA referred to as mini-satellite."	
F458	5.10	concept	EXACT	1.0	28	"A small DNA sequence is arranged tandemly in many copy numbers."	
F459	5.10	concept	EXACT	1.0	28	"The copy number varies from chromosome to chromosome in an individual."	
F460	5.10	concept	EXACT	1.0	28	"The numbers of repeat show very high degree of polymorphism."	
F461	5.10	number	EXACT	1.0	28	"As a result the size of VNTR varies in size from 0.1 to 20 kb."	
F462	5.10	concept	EXACT	1.0	28	"Consequently, after hybridisation with VNTR probe, the autoradiogram gives many bands of differing sizes."	
F463	5.10	concept	EXACT	1.0	28	"These bands give a characteristic pattern for an individual DNA (Figure 5.16)."	
F464	5.10	concept	EXACT	1.0	28	"It differs from individual to individual in a population except in the case of monozygotic (identical) twins."	
F465	5.10	concept	MISS	0.909		"The sensitivity of the technique has been increased by use of polymerase chain reaction (PCR- you will study about it in Chapter 9)."	c (identical) twins. the sensitivity of the technique has been increased by use of polymerase chain reaction (pcryou will study about it in chapter 9). co
F466	5.10	concept	EXACT	1.0	28	"Consequently, DNA from a single cell is enough to perform DNA fingerprinting analysis."	
F467	5.10	concept	MISS	0.676		"In addition to application in forensic science, it has much wider application, such as in determining population and genetic diversities."	g analysis. in addition to application in forensic science, it has much wider application, such as reprint 2026-27 ===== page 29 ===== molecular basis of inher
F468	5.10	concept	EXACT	1.0	29	"Currently, many different probes are used to generate DNA fingerprints."	
F469	Exercises	question	EXACT	1.0	31	"1 Group the following as nitrogenous bases and nucleosides: Adenine, Cytidine, Thymine, Guanosine, Uracil and Cytosine."	
F470	Exercises	question	EXACT	1.0	31	"2. If a double stranded DNA has 20 per cent of cytosine, calculate the per cent of adenine in the DNA."	
F471	Exercises	question	MISS	0.901		"3. If the sequence of one strand of DNA is written as follows: 5'-ATGCATGCATGCATGCATGCATGCATGC-3' Write down the sequence of complementary strand in 5'-to-3' direction."	ent of adenine in the dna. 3. if the sequence of one strand of dna is written as follows: 5'-atgcatgcatgcatgcatgcatgcatgc-3' write down the sequence of complementary strand in 5'→3' direction. 4. 
F472	Exercises	question	EXACT	1.0	31	"4. If the sequence of the coding strand in a transcription unit is written as follows: 5'-ATGCATGCATGCATGCATGCATGCATGC-3' Write down the sequence of mRNA."	
F473	Exercises	question	EXACT	1.0	31	"5. Which property of DNA double helix led Watson and Crick to hypothesise semi-conservative mode of DNA replication? Explain."	
F474	Exercises	question	EXACT	1.0	31	"6. Depending upon the chemical nature of the template (DNA or RNA) and the nature of nucleic acids synthesised from it (DNA or RNA), list the types of nucleic acid polymerases."	
F475	Exercises	question	EXACT	1.0	31	"7. How did Hershey and Chase differentiate between DNA and protein in their experiment while proving that DNA is the genetic material?"	
F476	Exercises	question	EXACT	1.0	31	"8. Differentiate between the followings: (a) Repetitive DNA and Satellite DNA (b) mRNA and tRNA (c) Template strand and Coding strand"	
F477	Exercises	question	EXACT	1.0	31	"9. List two essential roles of ribosome during translation."	
F478	Exercises	question	EXACT	1.0	31	"10. In the medium where E. coli was growing, lactose was added, which induced the lac operon. Then, why does lac operon shut down some time after addition of lactose in the medium?"	
F479	Exercises	question	EXACT	1.0	31	"11. Explain (in one or two lines) the function of the followings: (a) Promoter (b) tRNA (c) Exons"	
F480	Exercises	question	EXACT	1.0	31	"12. Why is the Human Genome project called a mega project?"	
F481	Exercises	question	EXACT	1.0	31	"13. What is DNA fingerprinting? Mention its application."	
F482	Exercises	question	EXACT	1.0	31	"14. Briefly describe the following: (a) Transcription (b) Polymorphism (c) Translation (d) Bioinformatics"	
F483	5.6	heading	MISS	0.389		"5.6  GENETIC CODE" (p17, 13.0pt Bookman-Demi section banner; the seam banner - mid-page, with the tail of 5.5.3 above it)	 5.6 genetic code dna - deoxyribonucleic acid - is the genetic material, at least for the majority of organisms. in class xi you have 5.7 tra
F484	5.6.1	heading	MISS	0.591		"5.6.1 Mutations and Genetic Code" (p19, 12.0pt Bookman-Demi)	? 5.6.1 mutations and genetic code the relationships between genes and 
F485	5.6.2	heading	MISS	0.166		"5.6.2 tRNA– the Adapter Molecule" (p20, 12.0pt Bookman-Demi; source sets the en-dash flush against "tRNA" with no leading space - reproduce as "tRNA - the Adapter Molecule" in flat ASCII, see carry-over 3)	on or deletion of three or its multiple bases insert or delete in one or multiple codon hence one or multiple amino acids, and reading frame remains unaltered from that point onwards. 5.6.2 trna- the adapter molecule from the very beginning
F486	5.7	heading	MISS	0.441		"5.7  TRANSLATION" (p20, 14.0pt Bookman-Demi section banner)	 translation requires transfer of genetic information from a polymer
F487	5.8	heading	MISS	0.578		"5.8  REGULATION OF GENE EXPRESSION" (p21, 13.0pt Bookman-Demi section banner)	nslation 5.8 regulation of gene expression 5.9 human genome project 5.10 dna fingerprinti
F488	5.8.1	heading	MISS	0.395		"5.8.1 The Lac operon" (p22, 12.0pt Bookman-Demi; source casing is "The Lac operon" - capital L, lowercase o, do not normalise to "lac operon")	ng the lac operon would be expressed in the presence of lactose? regulation of lac operon by repressor is referred to as negative regulation. lac operon is under cont
F489	5.9	heading	MISS	0.346		"5.9 HUMAN GENOME PROJECT" (p24, 14.0pt Bookman,Bold section banner; note font family changes from Bookman-Demi to Bookman,Bold at p24 - see carry-over 15)	9 human genome project 5.10 dna fingerprinting in the previous chapter, you have learnt the inheritance patterns and the genetic basis of such patterns. at the time of mendel, the 
F490	5.9 (Goals of HGP)	heading	MISS	0.356		"Goals of HGP" (p24, 10.5pt Bookman,Bold, **unnumbered boxed sub-heading** inside 5.9; its six list items are rows F383-F388)	n light of the dna that the two strands being complementary if separated by heating come together, when appropriate conditions are provided. furt
F491	5.9.1	heading	MISS	0.621		"5.9.1 Salient Features of Human Genome" (p26, 12.0pt Bookman,Bold)	ting). 5.9.1 salient features of human genome some of the salient observations
F492	5.9.2	heading	MISS	0.631		"5.9.2 Applications and Future Challenges" (p26, 12.0pt Bookman,Bold)	story. 5.9.2 applications and future challenges deriving meaningful knowledge fr
F493	5.10	heading	MISS	0.524		"5.10 DNA FINGERPRINTING" (p27, 14.0pt Bookman-Demi section banner)	5.10 dna fingerprinting as stated in the preceding section, 99.9 per cent of b
F494	Summary	heading	MISS	0.385		"SUMMARY" (p30, 13.0pt Bookman-Demi)	yn mccarty (1933-44), the genetic material
F495	Exercises	heading	MISS	0.364		"EXERCISES" (p31, **30.0pt AvantGarde-Book - NOT bold**; an all-bold heading filter misses this heading entirely, see carry-over 14)	uences can lead to an understanding of their natural capabilities that can be applied toward solving challenges in health care, agriculture, energy produc
F496	5.6	opener	MISS	0.87		"During replication and transcription a nucleic acid was copied to form another nucleic acid." (p17)	tic code during replication and transcription a nucleic acid was copied to form another nucleic acid. hence, these p
F497	5.6.1	opener	MISS	0.853		"The relationships between genes and DNA are best understood by mutation studies." (p19)	netic code the relationships between genes and dna are best understood by mutation studies. you have s
F498	5.6.2	opener	MISS	0.731		"From the very beginning of the proposition of code, it was clear to Francis Crick that there has to be a mechanism to read the code and also to link it to the amino acids, because amino acids have no structural specialities to read the code uniquely." (p20 - the only place the adapter-molecule rationale is stated)	s, and reading frame remains unaltered from that point onwards. 5.6.2 trna- the adapter molecule from the very beginning of the proposition of code, it was clear to francis crick that there has to be a mechanism to read the code and also to link it to the amino acids, because amino acids have no structural specialities to read the code uniquely. he postulated the pr
F499	5.7	opener	MISS	0.407		"Translation refers to the process of polymerisation of amino acids to form a polypeptide (Figure 5.13)." (p20 - **the chapter's only definition of translation**; if this opener is skipped the chapter ships without defining translation)	in actual structure, the trna is a compact molecule which looks like inverted l. figure 5.12 trna - the adapter molecule 5.7 translation translation refers to the process of polymerisation of amino acids to form a polypeptide (figure 5.13). the order and sequence of amino ac
F500	5.8	opener	MISS	0.648		"Regulation of gene expression refers to a very broad term that may occur at various levels." (p21 - **the chapter's only definition of regulation of gene expression**)	ptide from the ribosome. 5.8 regulation of gene expression regulation of gene expression refers to a very broad term that may occur at various levels. considering that gene expression results in t
F501	5.8.1	opener	MISS	0.472		"The elucidation of the lac operon was also a result of a close association between a geneticist, Francois Jacob and a biochemist, Jacque Monod." (p22 - carries both names; F350 records only "They were the first...", so this opener is the sole source of Jacob and Monod)	lac operon was also a result of a close association between a geneticist, francois jacob and a biochemist, jacque monod. they were the first to elucidate a transcriptionally regulated system. in lac operon (here lac refers to lactose), a polycistronic structural gene is regulated by a common promoter and regulator
F502	5.9	opener	MISS	0.88		"In the preceding sections you have learnt that it is the sequence of bases in DNA that determines the genetic information of a given organism." (p24)	== 102 5.9 human genome project in the preceding sections you have learnt that it is the sequence of bases in dna that determines the genetic information of a given organism. 
F503	5.9 (Goals of HGP)	opener	MISS	0.626		"Some of the important goals of HGP were as follows:" (p24 - stem for the six list items F383-F388)	s. goals of hgp some of the important goals of hgp were as follows: (i) identify all the approximately 20,000-25,00
F504	5.9.1	opener	MISS	0.703		"Some of the salient observations drawn from human genome project are as follows:" (p26 - stem for the nine list items F409-F417)	 some of the salient observations drawn from human genome project are as follows: (i) the human genome contains 3164.7 million bp. (ii) the average ge
F505	5.9.2	opener	MISS	0.884		"Deriving meaningful knowledge from the DNA sequences will define research through the coming decades leading to our understanding of biological systems." (p26)	 future challenges deriving meaningful knowledge from the dna sequences will define research through the coming decades leading to our understanding of biological systems. this enormous 
F506	5.10	opener	MISS	0.552		"As stated in the preceding section, 99.9 per cent of base sequence among humans is the same." (p27 - the 99.9 per cent premise the whole DNA-fingerprinting section rests on)	chemistry of life. 5.10 dna fingerprinting as stated in the preceding section, 99.9 per cent of base sequence among humans is the same. assuming human genome as 3 x 109 bp, in how many base sequences wou
F507	5.7	concept	MISS	0.125		"Translation is a process that has evolved around RNA, indicating that life began around RNA." (**SUMMARY-UNIQUE**, p30 Summary sentence 21, folded into 5.7 by `1-Z` step 8 - the body states that the protein-synthesising machinery evolved around RNA (F137), that essential life processes evolved around RNA (F141) and that RNA was the first genetic material (F140), but the conclusion "life began around RNA" is stated only in the Summary; implied does not count, Rule 3)	s evolved around rna, indicating that life began around rna. since, transcription and translation are energetically very expensive processes, these have to be tightly regulated. regulation of transcription is the primary step for regulation of gene expression. in bacteria, more than one gene is arranged together and regulated in units called as operons. lac operon is the prototype operon in bacteria, which codes for genes responsible for metabolism of lactose. the operon is regulated by the amount of lactose in the medium where the bacteria ar
F508	5.8	concept	MISS	0.194		"Since, transcription and translation are energetically very expensive processes, these have to be tightly regulated." (**SUMMARY-UNIQUE**, p30 Summary sentence 22, folded into 5.8 by `1-Z` step 8 - the body says only that *replication* is energetically very expensive (F169), never transcription or translation, and never gives energetic cost as the reason regulation is required)	re energetically very expensive processes, these have to be tightly regulated. regulation of transcription is the primary step for regulation of gene expression. in bacteria, more than one gene is arranged together and regulated in units called as operons. lac operon is the prototype operon in bacteria, which codes for genes responsible for metabolism of lactose. the operon is regulated by the amount of lactose in the medium where the bacte
F509	5.8.1	concept	MISS	0.267		"Lac operon is the prototype operon in bacteria, which codes for genes responsible for metabolism of lactose." (**SUMMARY-UNIQUE**, p30 Summary sentence 25, folded into 5.8.1 by `1-Z` step 8 - the word *prototype* appears nowhere in the body; F350 says only that Jacob and Monod were "the first to elucidate a transcriptionally regulated system")	rototype operon in bacteria, which codes for genes responsible for metabolism of lactose. the operon is regulated by the amount of lactose in the medium where the bacteria are grown. therefore, this regulation can also be viewed as regulation of enzyme synthesis by its substrate. human genome project was a mega project that aimed to sequence every base in human genome. this project has yielded much n
F510	5.10	concept	MISS	0.297		"It has immense applications in the field of forensic science, genetic biodiversity and evolutionary biology." (**SUMMARY-UNIQUE**, p30 Summary sentence 33, folded into 5.10 by `1-Z` step 8 - body F467 names only forensic science and "population and genetic diversities"; *genetic biodiversity* and *evolutionary biology* are named only in the Summary)	t has immense applications in the field of forensic science, genetic biodiversity and evolutionary biology. reprint 2026-27 ===== page 31 ===== molecular basis of inheritance exercises 1 group the following as nitrogenous bases and nucleosides: adenine, cytidine, thymine, guanosine, uracil and cytosine. 2. if a double stranded dna has 20 per cent of cytosine, calculate the per cent of adenine in the dna. 3.
F511	Fig 5.1	figure-label	MISS	0.484		Figure labels: "5′ phosphate"	ythymidine. when a phosphate grou
F512	Fig 5.1	figure-label	MISS	0.433		Figure labels: "3′ hydroxyl"	d figure 5.4a nucleosome through
F513	Fig 5.1	figure-label	MISS	0.615		Figure labels: "A"	figure 5.7 meselson a
F514	Fig 5.1	figure-label	MISS	0.564		Figure labels: "T"	 figure 5.7 meselson 
F515	Fig 5.1	figure-label	MISS	0.564		Figure labels: "G"	 figure 5.7 meselson 
F516	Fig 5.1	figure-label	MISS	0.564		Figure labels: "C"	 figure 5.7 meselson 
F517	Fig 5.2	figure-label	MISS	0.537		Figure labels: "5′"	 figure 5.7 meselson a
F518	Fig 5.2	figure-label	MISS	0.537		Figure labels: "3′"	 figure 5.7 meselson a
F519	Fig 5.2	figure-label	MISS	0.567		Figure labels: "hydrogen bonds"	are paired through hydrogen bond (h-
F520	Fig 5.2	figure-label	MISS	0.615		Figure labels: "A"	figure 5.7 meselson a
F521	Fig 5.2	figure-label	MISS	0.564		Figure labels: "T"	 figure 5.7 meselson 
F522	Fig 5.2	figure-label	MISS	0.564		Figure labels: "G"	 figure 5.7 meselson 
F523	Fig 5.2	figure-label	MISS	0.564		Figure labels: "C"	 figure 5.7 meselson 
F524	Fig 5.3	figure-label	MISS	0.586		Figure labels: "Base pairs"	age lambda has 48502 base pairs
F525	Fig 5.3	figure-label	MISS	0.538		Figure labels: "Adenine"	es and nucleosides: adenine,
F526	Fig 5.3	figure-label	MISS	0.538		Figure labels: "Thymine"	found at the place of thymin
F527	Fig 5.3	figure-label	MISS	0.5		Figure labels: "Guanine"	urines (adenine and guanine)
F528	Fig 5.3	figure-label	MISS	0.519		Figure labels: "Cytosine"	and guanine and cytosine are 
F529	Fig 5.3	figure-label	MISS	0.545		Figure labels: "Sugar phosphate backbone"	ituted by sugar-phosphate, and the bases projec
F530	Fig 5.3	figure-label	MISS	0.554		Figure labels: "Central dogma"	ne base pair stacks central dogma b
F531	Fig 5.3	figure-label	MISS	0.558		Figure labels: "DNA"	 figure 5.7 meselson an
F532	Fig 5.3	figure-label	MISS	0.558		Figure labels: "RNA"	 figure 5.7 meselson an
F533	Fig 5.3	figure-label	MISS	0.615		Figure labels: "Protein"	ified biochemicals (proteins
F534	Fig 5.4a	figure-label	MISS	0.558		Figure labels: "DNA"	 figure 5.7 meselson an
F535	Fig 5.4a	figure-label	MISS	0.483		Figure labels: "H1 histone"	e positively charged histone oc
F536	Fig 5.4a	figure-label	MISS	0.609		Figure labels: "Histone octamer"	 eight molecules called histone octam
F537	Fig 5.4a	figure-label	MISS	0.549		Figure labels: "Core of histone molecules"	g the structure of the most interesting molecule 
F538	Fig 5.5	figure-label	MISS	0.585		Figure labels: "Bacteriophage"	for example, a bacteriophage known 
F539	Fig 5.5	figure-label	MISS	0.488		Figure labels: "Radioactive (35S) labelled protein capsule"	iruses grown on radioactive sulfur contained radioactive protein but
F540	Fig 5.5	figure-label	MISS	0.515		Figure labels: "Radioactive (32P) labelled DNA"	ctive dna but not radioactive protein because dna cont
F541	Fig 5.5	figure-label	MISS	0.536		Figure labels: "Infection"	urn regulated by interaction w
F542	Fig 5.5	figure-label	MISS	0.519		Figure labels: "Blending"	 future challenges deriving m
F543	Fig 5.5	figure-label	MISS	0.597		Figure labels: "Centrifugation"	ing density gradient centrifugation.
F544	Fig 5.5	figure-label	MISS	0.538		Figure labels: "No radioactive (35S) detected in cells"	ving use of radioactive thymidine to detect distribution of newl
F545	Fig 5.5	figure-label	MISS	0.48		Figure labels: "Radioactive (35S) detected in supernatant"	nvolving use of radioactive thymidine to detect distribution of new
F546	Fig 5.5	figure-label	MISS	0.518		Figure labels: "Radioactive (32P) detected in cells"	olving use of radioactive thymidine to detect distribution o
F547	Fig 5.5	figure-label	MISS	0.504		Figure labels: "No radioactivity detected in supernatant"	nvolving use of radioactive thymidine to detect distribution of ne
F548	Fig 5.6	figure-label	MISS	0.537		Figure labels: "5′"	 figure 5.7 meselson a
F549	Fig 5.6	figure-label	MISS	0.537		Figure labels: "3′"	 figure 5.7 meselson a
F550	Fig 5.6	figure-label	MISS	0.615		Figure labels: "A"	figure 5.7 meselson a
F551	Fig 5.6	figure-label	MISS	0.564		Figure labels: "T"	 figure 5.7 meselson 
F552	Fig 5.6	figure-label	MISS	0.564		Figure labels: "G"	 figure 5.7 meselson 
F553	Fig 5.6	figure-label	MISS	0.564		Figure labels: "C"	 figure 5.7 meselson 
F554	Fig 5.7	figure-label	MISS	0.462		Figure labels: "15N-DNA"	] was figure 5.7 meselson an
F555	Fig 5.7	figure-label	MISS	0.462		Figure labels: "14N-DNA"	] was figure 5.7 meselson an
F556	Fig 5.7	figure-label	MISS	0.581		Figure labels: "Generation I"	ulture after another generation [
F557	Fig 5.7	figure-label	MISS	0.554		Figure labels: "Generation II"	ed from the culture one generation 
F558	Fig 5.7	figure-label	MISS	0.449		Figure labels: "20 min"	und at the place of thymin
F559	Fig 5.7	figure-label	MISS	0.49		Figure labels: "40 min"	ntified about 1.4 million 
F560	Fig 5.7	figure-label	MISS	0.513		Figure labels: "Gravitational force"	 figure 5.13 translation to each other for
F561	Fig 5.7	figure-label	MISS	0.511		Figure labels: "Heavy"	was figure 5.7 meselson a
F562	Fig 5.7	figure-label	MISS	0.49		Figure labels: "Hybrid"	 figure 5.7 meselson and s
F563	Fig 5.7	figure-label	MISS	0.511		Figure labels: "Light"	ving three letters like g
F564	Fig 5.7	figure-label	MISS	0.571		Figure labels: "Separation of DNA by Centrifugation"	ld be distinguished from the normal dna by centrifugation in
F565	Fig 5.8	figure-label	MISS	0.481		Figure labels: "Template DNA (parental strands)"	unit that also defines the template and coding strands. 
F566	Fig 5.8	figure-label	MISS	0.625		Figure labels: "Continuous synthesis"	inuous. the discontinuously synthesised fra
F567	Fig 5.8	figure-label	MISS	0.628		Figure labels: "Discontinuous synthesis"	iscontinuous. the discontinuously synthesised 
F568	Fig 5.8	figure-label	MISS	0.659		Figure labels: "Newly synthesised strands"	 parental and one newly synthesised strand. this 
F569	Fig 5.8	figure-label	MISS	0.537		Figure labels: "5′"	 figure 5.7 meselson a
F570	Fig 5.8	figure-label	MISS	0.537		Figure labels: "3′"	 figure 5.7 meselson a
F571	Fig 5.9	figure-label	MISS	0.614		Figure labels: "Transcription start site"	egulation of transcription is the primary step 
F572	Fig 5.9	figure-label	MISS	0.556		Figure labels: "Promoter"	merase access to the promoter
F573	Fig 5.9	figure-label	MISS	0.609		Figure labels: "Structural gene"	minator flank the structural gene in 
F574	Fig 5.9	figure-label	MISS	0.58		Figure labels: "Template strand"	coding and template strands could be 
F575	Fig 5.9	figure-label	MISS	0.586		Figure labels: "Terminator"	ag, uga are stop terminator cod
F576	Fig 5.9	figure-label	MISS	0.615		Figure labels: "Coding strand"	fines the template and coding stran
F577	Fig 5.9	figure-label	MISS	0.537		Figure labels: "5′"	 figure 5.7 meselson a
F578	Fig 5.9	figure-label	MISS	0.537		Figure labels: "3′"	 figure 5.7 meselson a
F579	Fig 5.10	figure-label	MISS	0.556		Figure labels: "Promoter"	merase access to the promoter
F580	Fig 5.10	figure-label	MISS	0.627		Figure labels: "RNA polymerase"	(figure 5.8). the dna polymerases on
F581	Fig 5.10	figure-label	MISS	0.484		Figure labels: "Sigma factor"	a are able to mutate. in fact, rn
F582	Fig 5.10	figure-label	MISS	0.607		Figure labels: "DNA helix"	 figure 5.3 dna double helix f
F583	Fig 5.10	figure-label	MISS	0.621		Figure labels: "Initiation"	(figure 5.12). for initiation, 
F584	Fig 5.10	figure-label	MISS	0.586		Figure labels: "Elongation"	sing the process of elongation.
F585	Fig 5.10	figure-label	MISS	0.567		Figure labels: "Termination"	reaches the terminator region, t
F586	Fig 5.10	figure-label	MISS	0.586		Figure labels: "Terminator"	ag, uga are stop terminator cod
F587	Fig 5.10	figure-label	MISS	0.558		Figure labels: "RNA"	 figure 5.7 meselson an
F588	Fig 5.10	figure-label	MISS	0.483		Figure labels: "Rho factor"	 the nature of those 'factors' 
F589	Fig 5.10	figure-label	MISS	0.537		Figure labels: "5′"	 figure 5.7 meselson a
F590	Fig 5.10	figure-label	MISS	0.537		Figure labels: "3′"	 figure 5.7 meselson a
F591	Fig 5.11	figure-label	MISS	0.5		Figure labels: "Capping"	27 figure 5.8 replicating fo
F592	Fig 5.11	figure-label	MISS	0.558		Figure labels: "Cap"	 figure 5.7 meselson an
F593	Fig 5.11	figure-label	MISS	0.531		Figure labels: "Intron"	splicing where the introns
F594	Fig 5.11	figure-label	MISS	0.533		Figure labels: "Exon"	was figure 5.7 meselson 
F595	Fig 5.11	figure-label	MISS	0.581		Figure labels: "RNA splicing"	oduce functional rna by splicing.
F596	Fig 5.11	figure-label	MISS	0.493		Figure labels: "Polyadenylation"	e figure 5.1 a polynucleotide chain r
F597	Fig 5.11	figure-label	MISS	0.567		Figure labels: "Poly A tail"	s figure 5.7 meselson and stahl'
F598	Fig 5.11	figure-label	MISS	0.585		Figure labels: "Messenger RNA"	es of rnas: mrna (messenger rna), t
F599	Fig 5.11	figure-label	MISS	0.462		Figure labels: "3′ mRNA"	ackbone (figure 5.1). in rna
F600	Fig 5.11	figure-label	MISS	0.537		Figure labels: "5′"	 figure 5.7 meselson a
F601	Fig 5.11	figure-label	MISS	0.537		Figure labels: "3′"	 figure 5.7 meselson a
F602	Fig 5.12	figure-label	MISS	0.533		Figure labels: "tRNA"	 figure 5.7 meselson and
F603	Fig 5.12	figure-label	MISS	0.512		Figure labels: "Ser"	7 figure 5.4b em pictur
F604	Fig 5.12	figure-label	MISS	0.512		Figure labels: "Tyr"	7 figure 5.4b em pictur
F605	Fig 5.12	figure-label	MISS	0.536		Figure labels: "Anticodon"	irs with the trna anticodon. t
F606	Fig 5.12	figure-label	MISS	0.567		Figure labels: "anticodon loop"	ch later. trna has an anticodon loop
F607	Fig 5.12	figure-label	MISS	0.511		Figure labels: "Codon"	was figure 5.7 meselson a
F608	Fig 5.12	figure-label	MISS	0.533		Figure labels: "mRNA"	 figure 5.7 meselson and
F609	Fig 5.12	figure-label	MISS	0.537		Figure labels: "5′"	 figure 5.7 meselson a
F610	Fig 5.12	figure-label	MISS	0.537		Figure labels: "3′"	 figure 5.7 meselson a
F611	Fig 5.13	figure-label	MISS	0.571		Figure labels: "Growing polypeptide chain"	 figure 5.2 double stranded polynucleotide chain 
F612	Fig 5.13	figure-label	MISS	0.533		Figure labels: "tRNA"	 figure 5.7 meselson and
F613	Fig 5.13	figure-label	MISS	0.533		Figure labels: "mRNA"	 figure 5.7 meselson and
F614	Fig 5.13	figure-label	MISS	0.519		Figure labels: "Ribosome"	ing' figure 5.4a nucleosome 8
F615	Fig 5.13	figure-label	MISS	0.512		Figure labels: "Gly"	 figure 5.7 meselson an
F616	Fig 5.13	figure-label	MISS	0.512		Figure labels: "Leu"	7 figure 5.4b em pictur
F617	Fig 5.13	figure-label	MISS	0.512		Figure labels: "Tyr"	7 figure 5.4b em pictur
F618	Fig 5.13	figure-label	MISS	0.512		Figure labels: "Ser"	7 figure 5.4b em pictur
F619	Fig 5.13	figure-label	MISS	0.558		Figure labels: "Ala"	 figure 5.7 meselson an
F620	Fig 5.13	figure-label	MISS	0.558		Figure labels: "Val"	 figure 5.7 meselson an
F621	Fig 5.13	figure-label	MISS	0.512		Figure labels: "Asn"	==== figure 5.6 watson-
F622	Fig 5.13	figure-label	MISS	0.537		Figure labels: "5′"	 figure 5.7 meselson a
F623	Fig 5.13	figure-label	MISS	0.537		Figure labels: "3′"	 figure 5.7 meselson a
F624	Fig 5.14	figure-label	MISS	0.561		Figure labels: "In absence of inducer"	bing the operon. in the presence of an induc
F625	Fig 5.14	figure-label	MISS	0.619		Figure labels: "In presence of inducer"	he operon. in the presence of an inducer, suc
F626	Fig 5.14	figure-label	MISS	0.537		Figure labels: "Repressor mRNA"	e ii transcribes precursor of mrna, 
F627	Fig 5.14	figure-label	MISS	0.536		Figure labels: "Repressor"	e figure 5.10 process of trans
F628	Fig 5.14	figure-label	MISS	0.789		Figure labels: "Repressor binds to the operator region (o) and prevents RNA polymerase from transcribing the operon"	. the repressor protein binds to the operator region of the operon and prevents rna polymerase from transcribing the operon. in the pre
F629	Fig 5.14	figure-label	MISS	0.519		Figure labels: "lac mRNA"	 figure 5.14 the lac operon r
F630	Fig 5.14	figure-label	MISS	0.646		Figure labels: "Transcription"	 higher classes. 5.5 transcription 
F631	Fig 5.14	figure-label	MISS	0.633		Figure labels: "Translation"	26-27 figure 5.13 translation 99
F632	Fig 5.14	figure-label	MISS	0.58		Figure labels: "β-galactosidase"	 for the enzyme beta-galactosidase an
F633	Fig 5.14	figure-label	MISS	0.519		Figure labels: "permease"	 figure 5.5 the hershey-chase
F634	Fig 5.14	figure-label	MISS	0.597		Figure labels: "transacetylase"	gene encodes a transacetylase. hence
F635	Fig 5.14	figure-label	MISS	0.538		Figure labels: "Inducer"	d figure 5.4a nucleosome thr
F636	Fig 5.14	figure-label	MISS	0.507		Figure labels: "Inactive repressor"	tivators) and negatively (repressors). t
F637	Fig 5.16	figure-label	MISS	0.564		Figure labels: "Paternal chromosome"	rnal and maternal) of a chromosome also co
F638	Fig 5.16	figure-label	MISS	0.615		Figure labels: "Maternal chromosome"	 (paternal and maternal) of a chromosome a
F639	Fig 5.16	figure-label	MISS	0.548		Figure labels: "Chromosome 7"	re assigned to each chromosome. t
F640	Fig 5.16	figure-label	MISS	0.548		Figure labels: "Chromosome 2"	re assigned to each chromosome. t
F641	Fig 5.16	figure-label	MISS	0.523		Figure labels: "Chromosome 16"	 were assigned to each chromosome. 
F642	Fig 5.16	figure-label	MISS	0.634		Figure labels: "DNA from individual A"	 (figure 5.16). it differs from individual t
F643	Fig 5.16	figure-label	MISS	0.634		Figure labels: "DNA from individual B"	 (figure 5.16). it differs from individual t
F644	Fig 5.16	figure-label	MISS	0.614		Figure labels: "DNA from crime scene (C)"	ng pattern of dna from crime scene matches with
F645	Fig 5.16	figure-label	MISS	0.594		Figure labels: "Number of short tandem repeats"	ism. it was called as variable number of tandem repeat
F646	Fig 5.16	figure-label	MISS	0.452		Figure labels: "Amplified repeats, separated by size on a gel, give a DNA fingerprint"	rious samples were separated independently on cscl gradients to measure the densities of dna (figure
